"area_fips","new_exp","old_exp","factor"
"01001",0.273137924111624,0.530014038085938,1.94046300897174
"01003",0.194136732329085,0.542155265808105,2.79264649870118
"01005",0.473446893787575,0.693887770175934,1.4656084542552
"01007",0.254447022428461,0.6090487241745,2.39361702236361
"01009",0.325111142980066,0.590420186519623,1.81605644490575
"01011",0.0244498777506112,0.0283618588000536,1.16000002492219
"01013",0.282107574094402,0.452982068061829,1.60570686383006
"01015",0.27753889453522,0.760352313518524,2.73962434991984
"01017",0.469481728225727,0.586950123310089,1.25020866206721
"01019",0.32099173553719,0.443636357784271,1.38208031132587
"01021",0.280831408775982,0.770284831523895,2.74287279646255
"01023",0.0243016759776536,0.194413408637047,8.00000003357043
"01025",0.293193717277487,0.46018186211586,1.56954885114517
"01027",0.634511434511435,0.634511411190033,0.999999963245104
"01029",0.596766743648961,0.656812906265259,1.10061915020456
"01031",0.279500859028845,0.573017477989197,2.05014567747736
"01033",0.282369990524497,0.775765001773834,2.74733515531472
"01035",0.251901429875266,0.251901417970657,0.999999952741003
"01037",0.620418848167539,0.704188466072083,1.13502107189677
"01039",0.30041417395306,0.48255866765976,1.60631125126326
"01041",0.358992805755396,0.413309365510941,1.15130264140322
"01043",0.291170833890449,0.791549682617188,2.71850608126157
"01045",0.191670555296314,0.338077455759048,1.76384659206729
"01047",0.384989625813837,0.606639504432678,1.57572948400958
"01049",0.573014836241486,NA,NA
"01051",0.387330712101354,0.74320662021637,1.91879083428296
"01053",0.250336892298124,0.399191468954086,1.59461701904765
"01055",0.227211135747721,0.587952673435211,2.58769303494012
"01057",0.324048282265552,0.704038977622986,2.17263604269328
"01059",0.459550707700299,0.642773687839508,1.39870024584686
"01061",0.252092315495815,0.369515597820282,1.46579477083035
"01063",0.440057430007179,0.577889442443848,1.31321369220927
"01065",0.47906450396077,0.516786098480225,1.078740115804
"01067",0.421230210225798,0.554373204708099,1.31608130483075
"01069",0.209737110770801,0.536562025547028,2.55825983096228
"01071",0.481733021077283,0.862373173236847,1.79014752052569
"01073",0.158895367773586,0.66667628288269,4.19569363301173
"01075",0.339697969102586,0.468668639659882,1.37966276600949
"01077",0.213492909902437,0.564719378948212,2.645143481375
"01079",0.0592985694508537,0.223119527101517,3.7626460329104
"01081",0.256192391989672,0.577296078205109,2.25336932811175
"01083",0.431208053691275,0.714636027812958,1.65728822014211
"01085",0.607702642185401,0.73667711019516,1.21223285708607
"01087",0.0111265646731572,0.0111265648156404,1.00000001280569
"01089",0.206147471280362,0.661371111869812,3.20824266124682
"01091",0.376684424945158,0.584142923355103,1.55074880900677
"01093",0.441493180186648,NA,NA
"01095",0.396476059474684,NA,NA
"01097",0.189459227244324,0.702477335929871,3.70780218069804
"01099",0.331577012621002,0.44112241268158,1.33037694378949
"01101",0.157041317096037,0.50066488981247,3.18810934008083
"01103",0.360725035410765,0.975854277610779,2.70525797162804
"01105",0.280383257690368,0.280383259057999,1.00000000487772
"01107",0.268115942028986,0.75955206155777,2.83292390526952
"01109",0.2534253964829,0.437695533037186,1.72711787812758
"01111",0.42883087400681,0.609307587146759,1.42085755499284
"01113",0.256755324785419,0.62413901090622,2.43087075770615
"01115",0.318924711976422,0.890506386756897,2.79221506931307
"01117",0.181026514230114,0.683921158313751,3.77801650339671
"01119",0.148595805190188,0.345894068479538,2.32775123117928
"01121",0.423297053856258,0.732126116752625,1.72957999608766
"01123",0.172867304641523,0.251983016729355,1.45766729719015
"01125",0.236382047234714,0.70768678188324,2.99382626625848
"01127",0.134107498341075,0.338553428649902,2.52449290932906
"01129",0.456914523974983,0.504169583320618,1.1034220994652
"01131",0.0396551724137931,0.0775862038135529,1.95652166138525
"01133",0.576789437109104,NA,NA
"02013",0,NA,NA
"02016",0.585471944323619,NA,NA
"02020",0.0876285132661614,0.393169343471527,4.48677409688923
"02050",0.0238814164150425,0.0285478997975588,1.19540228692536
"02060",0.154605263157895,0.401315778493881,2.59574460983276
"02068",0.0534591194968553,NA,NA
"02070",0.014022787028922,0.0140227871015668,1.00000000518048
"02090",0.0790340285400659,0.307720452547073,3.89351850375533
"02100",0.115384615384615,0.258974373340607,2.24444456895192
"02110",0.0820308509551538,0.277147829532623,3.37858045242198
"02122",0.147142857142857,0.461428582668304,3.13592240648362
"02130",0.126628229767243,0.241725385189056,1.90893756971391
"02150",0.371904761904762,NA,NA
"02164",0.032258064516129,0.0322580635547638,0.999999970197678
"02170",0.144799921729772,0.550631046295166,3.80270265147493
"02180",0.0269569725246242,0.0539139434695244,1.99999994139832
"02185",0.0361944157187177,0.0501551181077957,1.38571426314967
"02188",0,NA,NA
"02201",0.173149309912171,0.229611039161682,1.32608694356421
"02220",0.147864882090503,0.286169528961182,1.93534478853489
"02232",0.155677655677656,0.155677661299706,1.0000000361134
"02240",0.0946372239747634,0.181388005614281,1.91666659265757
"02261",0.118681318681319,0.13956044614315,1.17592598139136
"02270",0,0,NA
"02280",0.181132075471698,0.3805031478405,2.10069446203609
"02282",0,0,NA
"02290",0.0253807106598985,NA,NA
"04001",0.0290477827432107,0.0981436893343925,3.37869813341714
"04003",0.0862789516853494,0.298871219158173,3.46401078501887
"04005",0.132688232440575,0.378124445676804,2.84972102440319
"04007",0.0741030250918471,0.299616992473602,4.04324913999451
"04009",0.0939278937381404,0.158633783459663,1.68888896733823
"04011",0,0,NA
"04012",0,0.00514271017163992,Inf
"04013",0.173713167132795,0.75851309299469,4.36646861901289
"04015",0.240471204188482,0.929842948913574,3.86675382631162
"04017",0.12711494378343,0.472328335046768,3.71575773066848
"04019",0.182574638450018,0.678748488426208,3.71764936350689
"04021",0.15906539433062,0.465197861194611,2.92456987990542
"04023",0.114404679290175,0.314166754484177,2.74610056540892
"04025",0.184306717569653,0.730180323123932,3.96176727984959
"04027",0.166758575052388,0.508961081504822,3.05208341666946
"05001",0.418840061926879,0.78706681728363,1.87915839201895
"05003",0.516757996686632,0.82668536901474,1.59975341323272
"05005",0.27413486758609,0.435823678970337,1.58981483387358
"05007",0.193602802828781,0.634334623813629,3.27647438231886
"05009",0.236633058356248,0.453024744987488,1.91446093007624
"05011",0.312387791741472,0.37432673573494,1.19827581496759
"05013",0.105937136204889,0.138533174991608,1.30769227821748
"05015",0.445438493231313,0.525485575199127,1.17970400669043
"05017",0.338051904280418,0.404785990715027,1.19740781101843
"05019",0.337954517815882,0.480238348245621,1.42101473106288
"05021",0.46640037593985,0.486842095851898,1.04382869518674
"05023",0.336738416636264,0.696461141109467,2.0682556747357
"05025",0.135458167330677,0.135458171367645,1.00000002980232
"05027",0.37547619047619,0.587857127189636,1.56563090310493
"05029",0.301970865467009,0.436675250530243,1.44608404474686
"05031",0.276709371360395,0.717779755592346,2.59398426610383
"05033",0.270895951908934,0.665345013141632,2.45609064459294
"05035",0.143832343504676,0.327053040266037,2.27384906827583
"05037",0.29827346695773,0.355626106262207,1.19228206883251
"05039",0.312125748502994,0.545658707618713,1.74820151889353
"05041",0.33359375,0.391927093267441,1.1748634177572
"05043",0.278137789904502,0.602319240570068,2.16554262826663
"05045",0.302330963795669,0.76029098033905,2.51476385611927
"05047",0.354396423248882,0.451266765594482,1.27333893908283
"05049",0.127388535031847,0.127388536930084,1.00000001490116
"05051",0.177226872036406,0.485345125198364,2.7385526789564
"05053",0.456273764258555,0.674904942512512,1.47916666567326
"05055",0.420747159323142,0.699746608734131,1.66310477261407
"05057",0.516723036452461,0.598772406578064,1.15878790829398
"05059",0.314972553473405,0.598145008087158,1.89903850824787
"05061",0.654001391788448,0.670842051506042,1.02575018941709
"05063",0.357077689662432,0.417643338441849,1.16961476600981
"05065",0.265072247135027,0.310413539409637,1.17105258194576
"05067",0.229439252336449,0.260747671127319,1.1364562448319
"05069",0.299345291132375,0.582419693470001,1.94564508186115
"05071",0.440212825539065,0.495099425315857,1.12468196425122
"05073",0.0671936758893281,0.0671936795115471,1.00000005390714
"05075",0.305115089514067,0.531457781791687,1.74182726471542
"05077",0,0,NA
"05079",0.351628468033776,0.369722545146942,1.0514579414299
"05081",0.0597707423580786,0.119541481137276,1.99999994012319
"05083",0.43842260649515,0.486081808805466,1.10870607857408
"05085",0.290594640760115,0.805700838565826,2.77259359105294
"05087",0.528784648187633,0.754370987415314,1.42661287539428
"05089",0.57396262274311,NA,NA
"05091",0.313341056946796,0.529186367988586,1.68885103390214
"05093",0.360285132382892,0.553971469402313,1.53759181162541
"05095",0.107123436650353,0.10712343454361,0.999999980333493
"05097",0.33406835722161,0.458654910326004,1.37293730582735
"05099",0,0.0193340498954058,Inf
"05101",0.134722222222222,0.330555558204651,2.45360826708607
"05103",0.294930875576037,0.550691246986389,1.86718750931323
"05105",0.143518518518519,0.271604925394058,1.89247302855215
"05107",0.155768508079669,0.303081542253494,1.94571769345367
"05109",0.235186035829123,0.393201649188995,1.6718749810243
"05111",0.343917814615923,0.37917348742485,1.10251191217966
"05113",0.27445605619325,0.466335445642471,1.69912609002191
"05115",0.246529080675422,0.561257064342499,2.27663634166326
"05117",0,0.00779423210769892,Inf
"05119",0.119807949977669,0.434406161308289,3.62585422243899
"05121",0.356517509727626,0.78939688205719,2.21418825308265
"05123",0.550268468802074,0.632012605667114,1.14855319085063
"05125",0.217945648270083,0.695857763290405,3.1928041179702
"05127",0.507897934386391,0.529769122600555,1.04306217201018
"05129",0.146950092421442,0.268946409225464,1.83018877221353
"05131",0.3549915300468,0.844956815242767,2.38021683258576
"05133",0.538412965691433,0.565354645252228,1.05003906160803
"05135",0.178060413354531,0.276947528123856,1.55535709990987
"05137",0.297132110954396,0.459332406520844,1.54588612131303
"05139",0.382946409199392,0.843241512775421,2.20198307783678
"05141",0.247491638795987,0.428428083658218,1.73108104072713
"05143",0.268137514783247,0.809877276420593,3.02038033385694
"05145",0.271761595770248,0.6607546210289,2.43137599761342
"05147",0.216290588882774,0.216290593147278,1.00000001971655
"05149",0.603668876213966,NA,NA
"06001",0.199515791116818,0.886184871196747,4.44167785535271
"06003",0,NA,NA
"06005",0.145100716968249,0.373392522335052,2.5733334068691
"06007",0.129328571682391,0.459730297327042,3.55474657569142
"06009",0.214673046251994,0.861403524875641,4.0126300898739
"06011",0.180767338908018,0.391047716140747,2.16326532493643
"06013",0.146766379491227,0.640870988368988,4.36660623904876
"06015",0.0748977505112474,0.158742338418961,2.11945402011936
"06017",0.160866530388393,0.64314204454422,3.99798542923397
"06019",0.189461445531424,0.795287549495697,4.19762209279561
"06021",0.24942316566682,0.496769726276398,1.99167436973349
"06023",0.163718601082304,0.618259131908417,3.77635239869665
"06025",0.155120422948894,0.439671039581299,2.83438525516498
"06027",0.0841303577754162,0.183669850230217,2.1831578408417
"06029",0.154522164931738,0.633998095989227,4.10295892676176
"06031",0.204311061146684,0.58301967382431,2.85358839874918
"06033",0.11384735659142,0.397635102272034,3.49270386399118
"06035",0.107830213551279,0.236224621534348,2.19070902073296
"06037",0.172407171881767,0.845686316490173,4.90516900926909
"06039",0.248273817088152,0.728555083274841,2.93448214483351
"06041",0.108414918642446,0.473728388547897,4.36958671813663
"06043",0.084769316286826,0.199277371168137,2.35081961135395
"06045",0.193682594821667,0.69891345500946,3.60855065811662
"06047",0.24677577494532,0.724237620830536,2.93480031008315
"06049",0.030570252792475,0.0552616119384766,1.80769234437209
"06051",0.0681633317065235,0.22010737657547,3.22911704966447
"06053",0.130659672895494,0.513495802879333,3.93002516767392
"06055",0.275600890631244,NA,NA
"06057",0.192665406427221,0.778034031391144,4.03826533169069
"06059",0.202706854535846,0.980225563049316,4.83568039814842
"06061",0.218029694036584,0.862731158733368,3.95694339959311
"06063",0.211203138622493,0.54947692155838,2.60165130661491
"06065",0.247067215491838,NA,NA
"06067",0.137038459724104,0.59906280040741,4.37149397047726
"06069",0.35707019328586,0.973180413246155,2.72545967584322
"06071",0.215370943875614,0.999657273292542,4.64156053413541
"06073",0.176043144942002,0.832829058170319,4.73082356285272
"06075",0.0645836322762711,0.30226519703865,4.6802136452413
"06077",0.209277198211624,0.842020630836487,4.02347048809886
"06079",0.161591985787604,0.646725714206696,4.00221403960436
"06081",0.142113459266596,0.53312611579895,3.75141185465649
"06083",0.163444765363608,0.675977289676666,4.13581486181495
"06085",0.229248049329483,NA,NA
"06087",0.143999288201947,0.571993291378021,3.97219526929777
"06089",0.139464903482017,0.525598227977753,3.7686773866052
"06091",0,0.0616621971130371,Inf
"06093",0.120104438642298,0.367101818323135,3.05652166125567
"06095",0.217443858953293,0.783151090145111,3.60162431772025
"06097",0.232499984972078,NA,NA
"06099",0.242486826320026,0.881322979927063,3.6345190099685
"06101",0.173503557974048,0.655085802078247,3.77563324768379
"06103",0.242980305307285,0.532784938812256,2.19270832727974
"06105",0.167741935483871,0.255718469619751,1.5244754919639
"06107",0.216108996689932,0.786630809307098,3.63997252014333
"06109",0.163542815141492,0.516207277774811,3.15640450073092
"06111",0.207378139581058,0.827824890613556,3.99186188228862
"06113",0.163673819742489,0.565888404846191,3.45741552153248
"06115",0.223244334754319,0.621269941329956,2.7829147020177
"08001",0.231277431983973,0.997384905815125,4.31250423899657
"08003",0.0838963963963964,0.238551050424576,2.84340043996004
"08005",0.121813344760476,0.521706223487854,4.28283308789931
"08007",0.131083481349911,0.390053272247314,2.97560965142599
"08009",0.0459183673469388,0.0459183678030968,1.00000000993411
"08011",0,0,NA
"08013",0.172226905098607,0.736138880252838,4.27423856819216
"08014",0.248637269275591,0.556746006011963,2.23918967431573
"08015",0.13551912568306,0.388852447271347,2.8693547520426
"08017",0,0,NA
"08019",0.0865546218487395,0.136974796652794,1.58252434967791
"08021",0.154185022026432,0.361233472824097,2.34285709517343
"08023",0,0,NA
"08025",0,0,NA
"08027",0.236196319018405,0.54141104221344,2.29220778911145
"08029",0.142977433479286,0.348939031362534,2.44051821935303
"08031",0.0994356608942041,0.435841411352158,4.38314994271398
"08033",0,0,NA
"08035",0.147937270972064,0.646105051040649,4.36742577982705
"08037",0.141335368686533,0.659885823726654,4.66893623202137
"08039",0.422523961661342,NA,NA
"08041",0.152877601176545,0.618409395217896,4.04512754294036
"08043",0.174661435261359,0.468295156955719,2.68115944572981
"08045",0.191014707699913,0.859844267368317,4.50145581836108
"08047",0.013142174432497,0.0131421741098166,0.99999997544695
"08049",0.0942130712837311,0.370613008737564,3.93377483280881
"08051",0.12221379833207,0.413191825151443,3.38089340803197
"08053",0,0,NA
"08055",0,0.0394648835062981,Inf
"08057",0,0,NA
"08059",0.207498039933844,0.679693698883057,3.27566322602257
"08061",0,0,NA
"08063",0.0949464012251149,0.0949463993310928,0.999999980051671
"08065",0.0939702427564605,0.202036023139954,2.15000001291434
"08067",0.131719074042935,0.528950154781342,4.0157445580655
"08069",0.214000996512207,0.830219209194183,3.8795109495989
"08071",0.135875127942682,0.294268161058426,2.16572499701757
"08073",0,0,NA
"08075",0.128433820906172,0.270781308412552,2.10833335411218
"08077",0.163066526855412,0.569544434547424,3.49271211897724
"08079",0,0,NA
"08081",0.0675231550642366,0.13594263792038,2.013274376635
"08083",0.197795650878761,0.520703017711639,2.63253016635237
"08085",0.226744744168187,0.596620917320251,2.6312447484018
"08087",0.394761791893814,0.874733328819275,2.21585104430413
"08089",0.094443313657643,0.159576639533043,1.68965523712465
"08091",0.221970554926387,0.432616084814072,1.94897960658584
"08093",0.25105663567202,0.76246827840805,3.03703694732904
"08095",0.0431293881644935,0.04312938824296,1.00000000181933
"08097",0.070581218105905,0.259593069553375,3.67793410938111
"08099",0.237867739502137,0.304249435663223,1.27906977339602
"08101",0.172119995539199,0.556038796901703,3.23052992861058
"08103",0.0315436241610738,0.0315436236560345,0.999999983989178
"08105",0.0847975553857907,0.199388846755028,2.35135135497596
"08107",0.334343669853113,0.476101666688919,1.42398887617069
"08109",0.0781456953642384,0.135099336504936,1.72881354341062
"08111",0.192307692307692,0.192307695746422,1.00000001788139
"08113",0.17598017124831,0.50247859954834,2.85531373213256
"08115",0.10482180293501,0.104821801185608,0.9999999833107
"08117",0.0720583913000882,0.327765256166458,4.54860634900209
"08119",0.0785797438882421,0.265424907207489,3.37777770801827
"08121",0.077727952167414,0.0777279511094093,0.999999986388362
"08123",0.30944547670593,NA,NA
"08125",0.0369306524415265,0.0787853896617889,2.13333327339755
"09001",0.146624522746043,0.57249504327774,3.90449723249444
"09003",0.185322830089539,0.790272653102875,4.26430274522063
"09005",0.310685993012073,NA,NA
"09007",0.22388224008052,0.601475119590759,2.68656915070368
"09009",0.186006119510439,0.77380907535553,4.16012697534987
"09011",0.151828609312421,0.332982182502747,2.19314517870319
"09013",0.207813828279966,0.650963425636292,3.13243556034835
"09015",0.283489201372536,0.811377227306366,2.86210982068459
"10001",0.190848625343935,0.486946731805801,2.55148147348852
"10003",0.13209278807525,0.435416847467422,3.29629538305586
"10005",0.260854373931113,0.734033346176147,2.81395835965546
"11001",0.0200976704755764,NA,NA
"12001",0.103459597494984,0.39412659406662,3.80947349119282
"12003",0.143170926517572,0.32607826590538,2.27754526590536
"12005",0.133110877371151,0.457999348640442,3.44073570609418
"12007",0.146179401993355,0.239969328045845,1.64160835776817
"12009",0.160387294444311,0.659651219844818,4.11286456405596
"12011",0.112701985690168,0.528058528900146,4.68544121619867
"12013",0.152729384436702,0.314750283956528,2.06083645997392
"12015",0.106745855300769,0.436670273542404,4.09074687079921
"12017",0.107969262648938,0.425315141677856,3.93922428701554
"12019",0.125707848748706,0.46602326631546,3.70719307469063
"12021",0.15260649937624,0.681309700012207,4.46448678658495
"12023",0.154519701261911,0.329191356897354,2.13041673138738
"12027",0.104994192799071,0.230662018060684,2.19690262776824
"12029",0.261111111111111,0.497916668653488,1.90691490122612
"12031",0.128084934185557,0.503726184368134,3.93275124487618
"12033",0.130448648800758,0.488157659769058,3.74214424033361
"12035",0.204124054211358,0.610293507575989,2.98981670697206
"12037",0.0483183325438181,0.0483183339238167,1.00000002856056
"12039",0.204406364749082,0.533149719238281,2.60828335699207
"12041",0.216284987277354,0.272264629602432,1.25882352275007
"12043",0.0737951807228916,0.0737951770424843,0.999999950126726
"12045",0.0662851692894611,0.158321410417557,2.38848919169508
"12047",0.0280528052805281,0.0643564388155937,2.29411776013234
"12049",0.0244960449094157,0.0678744614124298,2.7708334820345
"12051",0.221624529316837,0.299802750349045,1.35275075946329
"12053",0.106638360414795,0.399322271347046,3.74464001316024
"12055",0.121022826784985,0.343861281871796,2.8412927627506
"12057",0.109681889910501,0.462355315685272,4.21542075963999
"12059",0.2136878385032,0.569177746772766,2.66359447856103
"12061",0.129288692094565,0.444625705480576,3.43901464449316
"12063",0.117741750028746,0.271817862987518,2.30859370547114
"12065",0.101165254237288,0.13506355881691,1.33507852903835
"12067",0,0,NA
"12069",0.176078466987558,0.713559150695801,4.05250660630878
"12071",0.168118248859166,0.728998064994812,4.3362220933285
"12073",0.103300287541307,0.390820145606995,3.78334034598612
"12075",0.226256483634412,0.641387939453125,2.83478258457108
"12077",0.12987012987013,0.259740263223648,2.00000002682209
"12079",0.287653006918574,0.373336881399155,1.29787234070122
"12081",0.214363975019174,0.737619161605835,3.4409660556997
"12083",0.186478645165643,0.713433623313904,3.8258194265632
"12085",0.135048772283888,0.488227367401123,3.61519293470371
"12086",0.103047371725706,0.471489787101746,4.57546640157663
"12087",0.0705398132024695,0.291815727949142,4.13689397094868
"12089",0.156469013308135,0.311835587024689,1.99295426251964
"12091",0.105252213692838,0.381275027990341,3.62248939583382
"12093",0.0664483558466367,0.235093459486961,3.53798760694033
"12095",0.0989852159607802,0.413967698812485,4.18211643824171
"12097",0.103042379670905,0.415559083223343,4.03289485889735
"12099",0.106729278147865,0.482094585895538,4.51698535080163
"12101",0.130443409906128,0.506296277046204,3.88134806818184
"12103",0.134781426169518,0.590913355350494,4.38423432771283
"12105",0.160055573966911,0.609286963939667,3.80672130834774
"12107",0.25968253968254,0.534523785114288,2.05837398913204
"12109",0.0949389261274727,0.293481558561325,3.09126688632725
"12111",0.117491809246451,0.456657260656357,3.8867157088242
"12113",0.148484223551248,0.502371609210968,3.38333324036664
"12115",0.131750150560979,0.553506791591644,4.2011852679854
"12117",0.19076955797384,0.699571073055267,3.66710014158128
"12119",0.447365247799349,0.468226224184036,1.04663074856017
"12121",0.288641114982578,0.370313584804535,1.28295508014125
"12123",0.375286041189931,0.57000207901001,1.5188470032157
"12125",0.162640901771337,0.190821260213852,1.17326735240398
"12127",0.132350180586738,0.508939206600189,3.84539865638224
"12129",0.242226487523992,0.512092113494873,2.11410452560086
"12131",0.191816935568913,0.602024674415588,3.13853765117264
"12133",0.0594666666666667,0.119999997317791,2.01793717462653
"13001",0.242753623188406,0.539215683937073,2.22124669800943
"13003",0.679347826086957,0.69089674949646,1.01700001525879
"13005",0.304611085235212,0.503959000110626,1.65443420984329
"13007",0,0,NA
"13009",0.215510975432476,0.354630023241043,1.64553115000009
"13011",0.36013986013986,0.785839140415192,2.18203877824024
"13013",0.360511814700663,0.793592989444733,2.20129537253491
"13015",0.357552511415525,0.975780844688416,2.72905605060741
"13017",0.518402013211702,0.698490083217621,1.34739076125535
"13019",0.497109826589595,0.675512373447418,1.35887954193492
"13021",0.152780107617069,0.422338932752609,2.7643581310413
"13023",0.028323892035988,0.06597800552845,2.32941170106916
"13025",0.389363099146422,0.835850298404694,2.14671164328895
"13027",0.263322884012539,0.31086727976799,1.18055550292844
"13029",0.17737003058104,0.441284418106079,2.48793111587393
"13031",0.23292437282549,0.570713520050049,2.45020953851676
"13033",0.269673704414587,0.452975034713745,1.67971525328015
"13035",0.262474367737526,0.41444519162178,1.57899300870486
"13037",0.0519662921348315,0.0519662909209728,0.999999976641423
"13039",0.196272568433314,0.299242854118347,1.52462902231811
"13043",0.15011655011655,0.201864808797836,1.34472054307875
"13045",0.348387096774194,0.961801707744598,2.76072712408172
"13047",0.216138860677684,0.497737973928452,2.30286202290434
"13049",0.258784160624651,0.590072512626648,2.28017244642151
"13051",0.169559815406461,0.50051474571228,2.95184766810739
"13053",0.0377358490566038,NA,NA
"13055",0.67687852461515,0.791800022125244,1.16978156837733
"13057",0.225353020826617,0.863498628139496,3.83175972069111
"13059",0.205286500702044,0.42918273806572,2.090652510506
"13061",0.385185185185185,NA,NA
"13063",0.12124651187631,0.429536551237106,3.54267141041797
"13065",0.420042643923241,0.420042634010315,0.999999976400191
"13067",0.143272375756452,0.533482551574707,3.72355486365055
"13069",0.361488051896472,0.599126219749451,1.65738872033601
"13071",0.253940957294354,0.5014808177948,1.97479297210616
"13073",0.281043083900227,0.733696162700653,2.6106181035258
"13075",0.374205508474576,0.78575211763382,2.09978768307523
"13077",0.266605588639487,0.636655151844025,2.3880037740129
"13079",0.312046444121916,0.352685064077377,1.13023260069448
"13081",0.276221777650757,0.395112901926041,1.43041908312387
"13083",0.334978408389883,0.475323885679245,1.41896872686198
"13085",0.225915731526572,0.527207255363464,2.33364561113556
"13087",0.347070564752847,0.489256769418716,1.40967520471556
"13089",0.120811835204935,0.43507507443428,3.6012620261604
"13091",0.118107951247824,0.18369123339653,1.55528253141141
"13093",0.361467889908257,0.361467897891998,1.000000022087
"13095",0.221550572854432,0.435345947742462,1.96499581171701
"13097",0.18500227435181,0.685164749622345,3.70354771055085
"13099",0.399641577060932,0.399641573429108,0.999999990912296
"13101",0.517857142857143,0.517857134342194,0.999999983557339
"13103",0.437403400309119,0.736218452453613,1.68315667398406
"13105",0.51618369767836,NA,NA
"13107",0.419821190793228,0.812440574169159,1.93520620679985
"13109",0.495397286821705,0.625484466552734,1.26259162734948
"13111",0.220755575785162,0.489531189203262,2.21752581995787
"13113",0.227954479136271,0.755267024040222,3.31323616408838
"13115",0.242988843055286,0.619307339191437,2.54870689289437
"13117",0.311657322893018,NA,NA
"13119",0.38893779342723,0.695569276809692,1.78838181468686
"13121",0.0752263162861562,0.313788771629333,4.17126329083695
"13123",0.505732878834831,0.64440655708313,1.27420340668337
"13125",0,0,NA
"13127",0.148713981821698,0.339070469141006,2.28001741993257
"13129",0.483986401860798,NA,NA
"13131",0.25749797352067,0.343690901994705,1.33473245360168
"13133",0.367030965391621,0.699757158756256,1.90653439283963
"13135",0.143884916768448,0.605068683624268,4.2052266298211
"13137",0.39189731247493,0.689129590988159,1.75844428898002
"13139",0.365370027344095,NA,NA
"13141",0,0,NA
"13143",0.437186862126554,0.922620177268982,2.11035659393147
"13145",0.430307198532783,0.644658386707306,1.49813525989199
"13147",0.416527079843663,0.55406665802002,1.3302056092679
"13149",0.309205350118017,0.653815865516663,2.11450372791776
"13151",0.164623146307904,0.556153476238251,3.37834313528455
"13153",0.20356788265061,0.41069084405899,2.01746384897009
"13155",0.325581395348837,0.341463416814804,1.04878049450261
"13157",0.3555180560243,0.825717151165009,2.32257444361299
"13159",0.52868068833652,0.802103221416473,1.51717896853821
"13161",0.41660507514166,0.588075876235962,1.4115907638331
"13163",0.357357357357357,0.450235962867737,1.25990399693241
"13165",0.561481481481481,0.561481475830078,0.999999989934836
"13167",0.254658385093168,0.376552790403366,1.47865851841322
"13169",0.279531568228106,0.839613020420074,3.00364293643903
"13171",0.244176706827309,0.271485954523087,1.1118421492804
"13173",0.087248322147651,0.154362410306931,1.76923070274867
"13175",0.311443433029909,0.624837458133698,2.00626307016624
"13177",0.185537583254044,0.447193145751953,2.41025639069386
"13179",0.144936913620188,0.25967863202095,1.79166663298383
"13181",0.157844080846968,0.352261781692505,2.23170726328361
"13183",0.0628140703517588,0.0628140717744827,1.00000002264977
"13185",0.209718736253784,0.609413385391235,2.90586046948983
"13187",0.277405954304177,0.508423745632172,1.83277877689201
"13189",0.340579710144928,0.649511992931366,1.90707776647933
"13191",0.0542005420054201,0.115447156131268,2.13000003062189
"13193",0.349100041858518,0.357890337705612,1.02517987623346
"13195",0.319016279875303,0.856598556041718,2.68512489825455
"13197",0.011322696860525,0.0113226966932416,0.999999985225837
"13199",0.402882797731569,0.7230623960495,1.79472144286304
"13201",0.0717131474103586,0.129482075572014,1.8055556093653
"13205",0.503888271702904,0.618314564228058,1.22708663596882
"13207",0.169642857142857,0.398538947105408,2.34928221451609
"13209",0.286266924564797,0.294970989227295,1.03040541507102
"13211",0.393008474576271,0.825423717498779,2.10026951298881
"13213",0.6640978216194,NA,NA
"13215",0.193775037751625,0.51266086101532,2.64564965107854
"13217",0.428612600149865,0.975848734378815,2.27676165851776
"13219",0.224393530997305,0.635276257991791,2.83108098156101
"13221",0.202192448233861,0.372716188430786,1.8433734379619
"13223",0.270184544405998,NA,NA
"13225",0.471961102106969,0.562074542045593,1.19093403997985
"13227",0.308094971022621,0.782202303409576,2.53883502484091
"13229",0.267337405677327,0.55767160654068,2.08602161425096
"13231",0.223748773307164,0.52502453327179,2.34649122545594
"13233",0.370589628226379,0.548425316810608,1.47987227660779
"13235",0.0596553247901016,0.0782147571444511,1.31111107716958
"13237",0.381155950752394,0.705882370471954,1.85195159377299
"13239",0,0,NA
"13241",0.416072842438638,0.741884410381317,1.78306376843312
"13243",0.244368600682594,0.251877129077911,1.03072624050039
"13245",0.156448652520369,0.432726740837097,2.76593459813122
"13247",0.281919737720843,0.803654909133911,2.85065145005807
"13249",0.651696606786427,0.668662667274475,1.02603367934001
"13251",0.397239263803681,0.512269914150238,1.28957522789944
"13253",0.0398986700443319,0.0512982904911041,1.2857142965945
"13255",0.322114381131288,0.739929020404816,2.29710023441404
"13257",0.38243123336291,0.66792368888855,1.7465197154928
"13259",0.240268456375839,0.24026845395565,0.999999989927148
"13261",0.251850514533309,0.444665104150772,1.76559140637357
"13263",0.105714285714286,0.200000002980232,1.89189192008328
"13265",0,0,NA
"13267",0.0541353383458647,0.110150374472141,2.03472219511039
"13269",0.291156462585034,0.291156470775604,1.00000002813116
"13271",0.506103006847276,0.57368266582489,1.13352945559165
"13273",0.30455764075067,0.304557651281357,1.00000003457699
"13275",0.23500693481276,0.500360608100891,2.12913124669938
"13277",0.239742366412214,0.491233289241791,2.04900492388218
"13279",0.248229134585771,0.509803950786591,2.05376355856583
"13281",0.110294117647059,0.402573525905609,3.64999996821086
"13283",0.293956043956044,0.405219793319702,1.37850471746142
"13285",0.34420043513734,0.907091379165649,2.63535802563326
"13287",0.106684672518569,0.106684669852257,0.999999975007546
"13289",0.0613636363636364,0.0613636374473572,1.00000001766064
"13291",0.176309169906243,0.477246731519699,2.70687413350927
"13293",0.339887212315196,0.442920297384262,1.30313904535343
"13295",0.43712884069197,0.925509929656982,2.11724746459627
"13297",0.269056295084405,0.679482400417328,2.52542836882582
"13299",0.157009192383454,0.45617201924324,2.90538415183463
"13301",0.55522609340252,0.559673845767975,1.00801070486115
"13303",0.129491945477076,0.186493188142776,1.44019141465283
"13305",0.272499670575833,0.412175506353378,1.51257249405986
"13307",0,0,NA
"13309",0.00954198473282443,0.00954198464751244,0.999999991059303
"13311",0.239938080495356,0.63909775018692,2.66359449432742
"13313",0.442863397548161,NA,NA
"13315",0.200282087447109,0.204513400793076,1.02112676874853
"13317",0.329726073723368,0.472438275814056,1.43282049393043
"13319",0.508811398575178,0.675665557384491,1.32792928632604
"13321",0.0517090271691499,0.153812438249588,2.9745761363183
"15001",0.107527818304553,0.435119658708572,4.0465775793588
"15003",0.0848919639848457,0.356378704309464,4.19802638060161
"15009",0.0807197558372498,0.285093724727631,3.53189528103191
"16001",0.194738587941109,0.542037725448608,2.7834120149445
"16003",0.288201160541586,0.295938104391098,1.02684563738388
"16005",0.168875153465137,0.391600698232651,2.31887693480909
"16007",0.0944625407166124,0.105320304632187,1.11494253524419
"16009",0.240583232077764,0.901579558849335,3.74747463097476
"16011",0.309608540925267,0.937560677528381,3.02821322282155
"16013",0.193597272210646,0.741333603858948,3.82925645280957
"16015",0.177619893428064,0.351687401533127,1.9800000706315
"16017",0.226234682510212,0.71555882692337,3.16290508150125
"16019",0.116845409364374,0.396468728780746,3.39310488052114
"16021",0.258006314839874,NA,NA
"16023",0,0,NA
"16025",0,0,NA
"16027",0.324289818065752,NA,NA
"16029",0.102436598707111,0.239184483885765,2.33495144220521
"16031",0.22703729281768,0.413156092166901,1.81977192838836
"16033",0,NA,NA
"16035",0.153485647334505,0.344463974237442,2.24427482451646
"16037",0.0842787682333874,0.119935169816017,1.42307691877851
"16039",0.156003058883508,0.29900586605072,1.91666668711924
"16041",0.205673758865248,0.368794322013855,1.79310342772254
"16043",0.10371318822023,0.254801541566849,2.45679017239147
"16045",0.186605316973415,0.50511246919632,2.70684928698082
"16047",0.238799076212471,0.60646653175354,2.53965191730448
"16049",0.252416356877323,0.771003723144531,3.05449192232517
"16051",0.396478873239437,NA,NA
"16053",0.290784832451499,0.711640238761902,2.44730866036693
"16055",0.18722007399783,0.626533508300781,3.34650817576347
"16057",0.0789676425269646,0.22110940515995,2.80000007704991
"16059",0.142281879194631,0.206711411476135,1.45283020329925
"16061",0.150641025641026,0.150641024112701,0.999999989854529
"16063",0.134920634920635,0.450396835803986,3.33823537125307
"16065",0.14692378328742,0.244628101587296,1.66500001642853
"16067",0.437191103789127,0.883649110794067,2.02119645879227
"16069",0.217079365079365,0.379619061946869,1.74875701247826
"16071",0,0.014134275726974,Inf
"16073",0.278022947925861,0.472197711467743,1.69841272093001
"16075",0.331362467866324,0.547814905643463,1.65321953681386
"16077",0.405737704918033,0.46428570151329,1.14430011282063
"16079",0.101880341880342,0.167863249778748,1.64765102551287
"16081",0.213181448331977,0.886899948120117,4.16030548183063
"16083",0.17539406345957,0.493920177221298,2.81605983394729
"16085",0.0928251121076233,0.327354252338409,3.52656996480509
"16087",0.214419475655431,0.436797738075256,2.03711783521561
"17001",0.217353198948291,0.662374436855316,3.0474565824674
"17003",0.142324888226528,0.176602080464363,1.24083765436217
"17005",0.23779994607711,0.318953901529312,1.34126986482111
"17007",0.504331175344214,NA,NA
"17009",0,0,NA
"17011",0.252036370524721,0.498768717050552,1.97895532304387
"17013",0.0985221674876847,0.128078818321228,1.30000000596046
"17015",0.30709534368071,0.631929039955139,2.05776171133406
"17017",0.506746626686657,0.55600768327713,1.09721042824215
"17019",0.179476418575708,0.484059572219849,2.69706502983098
"17021",0.276923076923077,0.578062653541565,2.08744847112232
"17023",0.410239061795219,0.512404143810272,1.24903791844681
"17025",0.446189645142525,0.508047342300415,1.13863543861071
"17027",0.252868391451069,0.754780650138855,2.98487543582492
"17029",0.269166285627191,0.39877051115036,1.48150244827719
"17031",0.153917897763969,0.731893420219421,4.75508976442602
"17033",0.375601684717208,0.375601679086685,0.999999985009324
"17035",0.309540150995196,0.4605353474617,1.48780488082416
"17037",0.26090528539572,0.786393344402313,3.01409510815228
"17039",0.127566274666135,0.214072152972221,1.6781249866588
"17041",0.40259319286872,0.718476474285126,1.78462151623962
"17043",0.157605066738948,0.70152747631073,4.45117337168302
"17045",0.365431103948429,0.651087820529938,1.78169787271809
"17047",0,0,NA
"17049",0.306393753956531,0.973306596279144,3.17665286485321
"17051",0.219607080334565,0.31122350692749,1.41718339159808
"17053",0.236220472440945,0.46167978644371,1.95444442927837
"17055",0.217441860465116,0.516976773738861,2.37754024286321
"17057",0.0793558682721602,0.214275345206261,2.70018273218785
"17059",0.0644007155635063,0.0644007176160812,1.00000003187193
"17061",0.168437832093518,0.178002119064331,1.0567822967794
"17063",0.192760254943618,0.491583585739136,2.55023311669163
"17065",0.124149659863946,0.149659857153893,1.20547939734916
"17067",0.430624158060171,0.55859899520874,1.29718452797692
"17069",0,0,NA
"17071",0.108843537414966,0.10884353518486,0.999999979510903
"17073",0.286491835724889,0.70567375421524,2.46315484847841
"17075",0.197487360196108,0.479852914810181,2.42979051587746
"17077",0.115066899360093,0.261372894048691,2.27148637446764
"17079",0.259751773049645,0.416223406791687,1.60238908826288
"17081",0.202024675735527,0.395317941904068,1.95678047973498
"17083",0.0777777777777778,0.281481474637985,3.61904753105981
"17085",0.240789292120878,0.534152090549469,2.21833822361719
"17087",0.115798180314309,0.320926398038864,2.77142868020705
"17089",0.265269138190773,NA,NA
"17091",0.21656,0.671199977397919,3.09937189415367
"17093",0.2908042578356,0.993125379085541,3.41509916834499
"17095",0.240131096218755,0.410654008388519,1.7101242398628
"17097",0.204927643459069,0.671730816364288,3.27789265042935
"17099",0.203759077317386,0.6150683760643,3.01860601334702
"17101",0.234520123839009,0.352167189121246,1.5016501925566
"17103",0.384629578374389,0.716210007667542,1.86207730225677
"17105",0.384447978572026,0.589269280433655,1.53276727484016
"17107",0.18222272934733,0.231629386544228,1.27113333980815
"17109",0.216131649090277,0.428438991308212,1.98230566005285
"17111",0.387498040620731,NA,NA
"17113",0.120923014298072,0.301200836896896,2.49084790554795
"17115",0.219347889944189,0.494037002325058,2.25229885936337
"17117",0.14951947395043,0.470915526151657,3.14952637077749
"17119",0.242699389458219,0.700918793678284,2.88801218347913
"17121",0.335801326546352,0.711013436317444,2.11736339349839
"17123",0.352660300136426,0.449522525072098,1.27466155078471
"17125",0.18881654538491,0.283799320459366,1.50304264851806
"17127",0.122008547008547,0.142735049128532,1.16987746045802
"17129",0.100197758734344,0.249176010489464,2.48684215731919
"17131",0.211337868480726,0.464399099349976,2.19742492288991
"17133",0.164891350660418,0.325948029756546,1.97674425281295
"17135",0.204866180048662,0.3336983025074,1.62885988516083
"17137",0.262615075794283,0.460580050945282,1.75382182287994
"17139",0.474752355641459,0.618506908416748,1.30279902999334
"17141",0.388584506553853,0.885983765125275,2.28002853995027
"17143",0.151870436174782,0.457251369953156,3.01079908289011
"17145",0.399854993655972,0.509334802627563,1.27379877882877
"17147",0.172001293242806,0.33559650182724,1.95112778223995
"17149",0.103119032463399,0.252387017011642,2.44753088719315
"17151",0,0,NA
"17153",0.0173611111111111,0.0173611119389534,1.00000004768372
"17155",0.416322314049587,0.552685976028442,1.32754348584499
"17157",0.292675866061951,0.442053467035294,1.51038578268604
"17159",0.128675198893117,0.22639225423336,1.75940862093722
"17161",0.178459372178092,0.609486222267151,3.41526597806765
"17163",0.152723485238144,0.511971533298492,3.35227769651908
"17165",0.103162952088616,0.237154677510262,2.29883570321396
"17167",0.0973142829086267,0.348529487848282,3.5814833900131
"17169",0.141743444365698,0.220411062240601,1.55500004410744
"17171",0.0926430517711172,0.201634883880615,2.17647065835841
"17173",0.326115485564304,0.455161869525909,1.39570762405933
"17175",0.27030162412993,0.604408323764801,2.2360513952157
"17177",0.350740063196408,0.620322644710541,1.76861074568254
"17179",0.214787483147662,0.627025246620178,2.9192820616512
"17181",0.173674588665448,0.313528329133987,1.80526311617149
"17183",0.229093949970913,0.566353976726532,2.47214724264189
"17185",0.222095346845561,0.272052526473999,1.22493573295427
"17187",0.28945467677862,0.381545692682266,1.31815349100087
"17189",0.343640606767795,0.404511868953705,1.17713640642895
"17191",0.304520222045995,0.330425590276718,1.08506945140349
"17193",0.138091331692644,0.191687181591988,1.38811885758792
"17195",0.290328983277924,0.713045179843903,2.45599034513659
"17197",0.2871532549164,NA,NA
"17199",0.201825933821485,0.482621192932129,2.39127442045683
"17201",0.292020830365481,NA,NA
"17203",0.29653295467992,0.654833734035492,2.2083000344509
"18001",0.489848812095032,NA,NA
"18003",0.227692910534159,0.807858288288116,3.54801687234315
"18005",0.3657309842929,NA,NA
"18007",0.30091348737238,0.318645894527435,1.05892858877778
"18009",0.477572559366755,0.840369403362274,1.75966852969228
"18011",0.275508654722138,0.8993319272995,3.26426016709535
"18013",0.161348314606742,0.368988752365112,2.2869080056055
"18015",0.525761894321421,0.74698531627655,1.42076731757187
"18017",0.418298985516493,0.975626885890961,2.33236732498002
"18019",0.231821454283657,0.718055665493011,3.09745130239066
"18021",0.274595889044103,0.437637209892273,1.59375004271089
"18023",0.486600846262341,0.909228265285492,1.86852997126787
"18025",0.12822966507177,0.349282294511795,2.72388058033452
"18027",0.286961651917404,0.724247813224792,2.52384877347044
"18029",0.155473372781065,0.424852073192596,2.73263559922165
"18031",0.513632514817951,NA,NA
"18033",0.58773373223635,NA,NA
"18035",0.22231989802646,0.669552981853485,3.01166466788229
"18037",0.489015882440255,NA,NA
"18039",0.537563714264608,NA,NA
"18041",0.471512094462914,0.582941651344299,1.23632385720309
"18043",0.350744103138084,NA,NA
"18045",0.472967128027682,0.526384055614471,1.11294004259777
"18047",0.289473684210526,0.542922854423523,1.87555167891762
"18049",0.454931571495989,0.939751446247101,2.06569845912615
"18051",0.395187870797627,0.507415950298309,1.28398664987912
"18053",0.284119019011944,0.564456880092621,1.98669164090311
"18055",0.151222085458062,0.369966596364975,2.44651166689257
"18057",0.151872324608209,0.580342710018158,3.82125388226783
"18059",0.27627688172043,0.879838705062866,3.1846265948274
"18061",0.274648510036254,0.440799355506897,1.60495811700821
"18063",0.146183783088354,0.472258865833282,3.23058314579155
"18065",0.318900404004918,0.575619161128998,1.80501232955516
"18067",0.388967468175389,0.607941746711731,1.56296296336434
"18069",0.367857142857143,0.858827471733093,2.33467662218705
"18071",0.387863490561077,NA,NA
"18073",0.22243807673628,0.62797474861145,2.823144120941
"18075",0.490154174935124,0.821553945541382,1.67611332832189
"18077",0.333875426898683,0.862985849380493,2.58475401258678
"18079",0.451722539780627,0.990421772003174,2.19254450416434
"18081",0.228140278300113,0.7942835688591,3.48155781511864
"18083",0.131413911060433,0.231542184948921,1.76193055271327
"18085",0.491178107303021,NA,NA
"18087",0.58044901777362,NA,NA
"18089",0.227796473120325,0.755020976066589,3.3144541955563
"18091",0.301828686670482,0.930885970592499,3.08415340125964
"18093",0.364256587202008,0.643742144107819,1.76727660315671
"18095",0.203144113896046,0.539939105510712,2.65791164289905
"18097",0.161338646484622,0.649166584014893,4.02362730913804
"18099",0.423300480161739,NA,NA
"18101",0.330267192290845,0.460797190666199,1.39522544600919
"18103",0.453812562982869,0.821632504463196,1.81051070746627
"18105",0.211114013321144,0.466240048408508,2.20847513186758
"18107",0.437640487705197,0.706150829792023,1.61354090773178
"18109",0.287087307410125,0.815847396850586,2.84180935831165
"18111",0.517782761935277,NA,NA
"18113",0.619335521391144,NA,NA
"18115",0.0530913978494624,0.0907258093357086,1.70886081381689
"18117",0.37070898740728,0.764705896377563,2.062819954072
"18119",0.448717948717949,0.583076894283295,1.29942850725991
"18121",0.344591877764375,0.379975885152817,1.10268381140613
"18123",0.38039934800326,0.539119780063629,1.4172468562144
"18125",0.0594208349003385,0.116209104657173,1.95569626128749
"18127",0.301131258678428,NA,NA
"18129",0.441927118875392,0.785860538482666,1.77825823516445
"18131",0.326512968299712,0.545244932174683,1.66990283728698
"18133",0.27628451270799,0.391570657491684,1.41727327982927
"18135",0.434167709637046,0.952565729618073,2.19400408753197
"18137",0.363308053448898,0.541260361671448,1.48981107501813
"18139",0.36623012160898,0.681244134902954,1.86015320615902
"18141",0.206329976527599,0.765536785125732,3.71025479675433
"18143",0.430595764132257,0.827822625637054,1.92250526965888
"18145",0.473497769614274,NA,NA
"18147",0.338838838838839,0.421087741851807,1.24273753060548
"18149",0.331430288461538,0.684495210647583,2.06527657392127
"18151",0.417126328534912,NA,NA
"18153",0.13095577746077,0.209415122866631,1.59912855260902
"18155",0.0968379446640316,0.136363640427589,1.40816330727266
"18157",0.311930196526136,0.677240490913391,2.17112834363456
"18159",0.330434782608696,0.447826087474823,1.35526315946328
"18161",0.0816802800466744,0.0816802829504013,1.00000003554991
"18163",0.222143669211147,0.718403398990631,3.23395846274507
"18165",0.0840950639853748,0.0978062152862549,1.16304347307786
"18167",0.216301773183096,0.623071312904358,2.88056497982075
"18169",0.401957853833508,0.735091924667358,1.82877860864447
"18171",0.367245657568238,0.550041377544403,1.49774780507023
"18173",0.384720218053551,0.812089145183563,2.11085642780158
"18175",0.493148214929679,0.799314796924591,1.6208409008204
"18177",0.284280069952717,0.727119624614716,2.55775800510973
"18179",0.344689574385006,0.723252654075623,2.09827249740886
"18181",0.355320899616018,0.793883681297302,2.23427240602853
"18183",0.423122765196663,0.900614261627197,2.12849398733864
"19001",0.34789557805008,0.408630788326263,1.17457885097764
"19003",0.113765642775882,0.130830496549606,1.15000006467104
"19005",0.39378554021121,0.737002432346344,1.87158327842878
"19007",0.326985854189336,0.360718160867691,1.10316136385161
"19009",0.262996941896024,0.461773693561554,1.75581392784451
"19011",0.297308934337998,0.623896658420563,2.09847934711333
"19013",0.251956155143339,0.622478902339935,2.47058422520301
"19015",0.163605127527422,0.339632600545883,2.07592882740767
"19017",0.275709694697375,0.524638473987579,1.90286552877088
"19019",0.332279106542795,0.609013617038727,1.83283753039793
"19021",0.357565711579446,0.741416037082672,2.07350988384114
"19023",0.261217236783652,0.5011106133461,1.91836733102393
"19025",0.0721196130167106,0.0721196159720421,1.00000004097819
"19027",0.152710298180432,0.331237494945526,2.16905800651478
"19029",0.229447373559852,0.434485465288162,1.89361707892824
"19031",0.233870967741935,0.405913978815079,1.73563218527827
"19033",0.198063900377221,0.399081945419312,2.01491510900897
"19035",0.271933751119069,0.400402873754501,1.4724280164075
"19037",0.339769452449568,0.756772339344025,2.22731129560964
"19039",0.321709786276715,0.372609674930573,1.15821678675972
"19041",0.204914783987317,0.461487650871277,2.25209544129252
"19043",0.292319164802386,0.365771800279617,1.2512754698341
"19045",0.28031546075266,0.642989456653595,2.29380660962167
"19047",0.378212765957447,0.453446805477142,1.19891988396859
"19049",0.214708677534908,0.4749616086483,2.21212115924416
"19051",0.234334203655352,0.310052216053009,1.32311976321228
"19053",0.114347826086957,0.162173911929131,1.4182509408251
"19055",0.342426887821912,0.670013070106506,1.9566602213053
"19057",0.348265215343555,0.711706519126892,2.04357623951852
"19059",0.361142533936652,0.533936679363251,1.47846522962291
"19061",0.23951182303585,0.703428268432617,2.93692503157695
"19063",0.285911221395092,0.572649598121643,2.00289304955371
"19065",0.209975864843121,0.4399034678936,2.09501919766952
"19067",0.255767077267637,0.350279957056046,1.36952715258778
"19069",0.339745791824115,0.487461358308792,1.43478262288867
"19071",0.035866780529462,0.100768573582172,2.80952380154104
"19073",0.264503042596349,0.401217043399811,1.51687118401922
"19075",0.275764036958067,0.343994319438934,1.2474226996149
"19077",0.156712852365026,0.264691829681396,1.68902438879013
"19079",0.562748699112335,0.67661464214325,1.20233888272069
"19081",0.378947368421053,NA,NA
"19083",0.223680286310766,0.521324157714844,2.33066653442383
"19085",0.140065146579805,0.337540715932846,2.40988371607869
"19087",0.252617127166638,0.400634974241257,1.58593749653791
"19089",0.478614457831325,0.590060234069824,1.23285083518679
"19091",0.344437652811736,0.830073356628418,2.40993790850771
"19093",0.393524283935243,0.459838092327118,1.16851262069201
"19095",0.533821478382148,0.597861468791962,1.11996518125104
"19097",0.265110387260224,0.518096268177032,1.95426619655036
"19099",0.369835596854896,0.499285191297531,1.35001929382537
"19101",0.249507052934931,0.424389511346817,1.70091188347086
"19103",0.139230829543673,0.435961276292801,3.1312122302342
"19105",0.239981990094552,0.552003622055054,2.30018770090858
"19107",0.178793006204174,0.324873089790344,1.81703466308606
"19109",0.264280125195618,0.367566496133804,1.39082156050038
"19111",0.357070536618292,0.745798170566559,2.08865782550918
"19113",0.21474214989686,0.629502654075623,2.93143499950043
"19115",0.539942938659059,0.568473637104034,1.05284021033006
"19117",0.0278184480234261,0.0549048334360123,1.97368427562086
"19119",0.271379703534778,0.513112902641296,1.89075636813621
"19121",0.291139240506329,0.700307905673981,2.40540541514106
"19123",0.205067673906201,0.507239520549774,2.47352257373236
"19125",0.460468252022555,0.620985507965088,1.34859570716869
"19127",0.388212180746562,0.493778645992279,1.27192981179185
"19129",0.044005544005544,0.117810115218163,2.67716529543006
"19131",0.332259104092813,0.409281343221664,1.23181378081166
"19133",0.0811965811965812,0.156565651297569,1.92822960019112
"19135",0.245883021010789,0.423055082559586,1.72055427341208
"19137",0.279979413278435,0.490735977888107,1.75275736219962
"19139",0.415936907871153,0.733343601226807,1.76311259556216
"19141",0.210556844547564,0.39056459069252,1.85491282191158
"19143",0.347639484978541,0.446351945400238,1.28395065775624
"19145",0.339551059121088,0.53208976984024,1.56703905214589
"19147",0.200723327305606,0.331283897161484,1.65045040657928
"19149",0.242493960658001,0.370643049478531,1.52846301191502
"19151",0.32103134479272,0.404954493045807,1.26141730274741
"19153",0.119462067992548,0.446839600801468,3.74043081883819
"19155",0.175286171798205,0.561530888080597,3.20350933744533
"19157",0.222389094269871,0.525878012180328,2.3646753628223
"19159",0.154015401540154,0.260726064443588,1.69285708985158
"19161",0.135024244684819,0.311450958251953,2.30662988694333
"19163",0.196340250947029,0.607420206069946,3.09371207961745
"19165",0.132914234396048,0.226537942886353,1.70439188786455
"19167",0.366490299823633,NA,NA
"19169",0.197082717872969,0.564512550830841,2.8643432408655
"19171",0.153190509099286,0.224372267723083,1.46466167546753
"19173",0.327227310574521,0.457951694726944,1.39949105691364
"19175",0.29631217838765,0.347341328859329,1.17221415180891
"19177",0.416557161629435,0.4395532310009,1.05520507505263
"19179",0.336578581363004,0.475521564483643,1.41280993745347
"19181",0.135586685516,0.489911317825317,3.61327010805573
"19183",0.30761316872428,0.604938268661499,1.96655517437785
"19185",0.310941828254848,0.340720236301422,1.09576842142373
"19187",0.172098842664998,0.464685648679733,2.70010908547639
"19189",0.619868742761549,0.701068103313446,1.13099444277534
"19191",0.237884534344711,0.447745472192764,1.88219664395647
"19193",0.185799274070574,0.673675417900085,3.62582373515731
"19195",0.378190255220418,0.481051802635193,1.27198360083293
"19197",0.306507592190889,0.550759196281433,1.79688598362166
"20001",0.403970651704791,0.496331453323364,1.22863245443401
"20003",0.165883143049026,0.307588994503021,1.85425106402833
"20005",0.283123501199041,0.43045562505722,1.52038111719522
"20007",0.0406374501992032,0.0812748968601227,1.99999991293047
"20009",0.26892261287586,0.646149516105652,2.40273404008583
"20011",0.269566767694776,0.565163135528564,2.09656086453685
"20013",0.0568047337278106,0.0568047352135181,1.00000002615464
"20015",0.249532551419344,0.639554619789124,2.56301078216581
"20017",0,0,NA
"20019",0.104240282685512,0.111307419836521,1.06779660385544
"20021",0.469350961538462,NA,NA
"20023",0.0177935943060498,0.0177935939282179,0.999999978765845
"20025",0,0,NA
"20027",0.225442228076778,0.400075286626816,1.77462443500409
"20029",0.157209612817089,0.222963958978653,1.41825906815296
"20031",0.118019359642591,0.254281461238861,2.15457414791035
"20033",0.205188679245283,0.221698120236397,1.08045980437049
"20035",0.352151898734177,0.761350214481354,2.16199377944022
"20037",0.26246523302354,0.663523495197296,2.52804338141725
"20039",0.0359375,0.0625,1.73913043478261
"20041",0.271475866875762,0.418714076280594,1.54236205633782
"20043",0.382691007437458,0.438133865594864,1.14487630249965
"20045",0.163364728808055,0.480161309242249,2.93919815339341
"20047",0.319213313161876,0.376701980829239,1.18009483093899
"20049",0.0290322580645161,0.0290322583168745,1.00000000869234
"20051",0.12969786293294,0.29304838180542,2.25946962562474
"20053",0.228713486637663,0.328154146671295,1.43478266846227
"20055",0.31556898564659,0.497287273406982,1.57584330534909
"20057",0.434961439588689,0.524201273918152,1.20516723140757
"20059",0.201786652653705,0.42130845785141,2.08789061273759
"20061",0.140743289745354,0.225051611661911,1.59902196452204
"20063",0.179012345679012,0.204938277602196,1.14482761970882
"20065",0.0571847507331378,NA,NA
"20067",0.187043795620438,0.416058391332626,2.22439022878321
"20069",0.199698568198945,0.362471729516983,1.81509428327938
"20071",0,NA,NA
"20073",0.118589743589744,0.193910256028175,1.63513513191326
"20075",0.0779220779220779,NA,NA
"20077",0.206081081081081,0.566216230392456,2.74754105239618
"20079",0.345690300058183,0.742498517036438,2.14787200251632
"20081",0.0366350067842605,0.0488466769456863,1.33333336699892
"20083",0,0,NA
"20085",0.112936958470272,0.219002097845078,1.93915349599861
"20087",0.285404937202252,0.855781733989716,2.99848258540554
"20089",0.0192678227360308,0.0385356470942497,2.00000008419156
"20091",0.123575991389553,0.507055401802063,4.10318700340145
"20093",0.0337078651685393,0.0337078645825386,0.999999982615312
"20095",0.225964149918523,0.36773493885994,1.62740390009892
"20097",0.0452261306532663,0.0452261306345463,0.999999999586079
"20099",0.281313191388129,0.524562835693359,1.86469334447107
"20101",0.0342105263157895,0.0552631579339504,1.61538461653086
"20103",0.138162911611785,0.499757379293442,3.61716015870943
"20105",0.0793388429752066,0.0793388411402702,0.999999976872156
"20107",0.223684210526316,0.450657904148102,2.01470592442681
"20109",0.0583333333333333,0.058333333581686,1.00000000425747
"20111",0.366617190662529,0.761165857315063,2.07618703296354
"20113",0.338466324467258,0.832788944244385,2.46047799749409
"20115",0.141963109354414,0.205204218626022,1.44547565602924
"20117",0.301254009915427,0.540099143981934,1.79283636467962
"20119",0.11495673671199,0.244746595621109,2.12903221352126
"20121",0.244477836213373,0.766040563583374,3.13337427820981
"20123",0.191951710261569,0.402414500713348,2.09643613055067
"20125",0.349436034431582,0.655535757541656,1.87598213392044
"20127",0.191726332537788,0.191726326942444,0.999999970815983
"20129",0.0795847750865052,0.131487891077995,1.65217393571916
"20131",0.321373257614868,0.576406836509705,1.79357436517156
"20133",0.315112540192926,0.653756201267242,2.07467529177666
"20135",0.0187032418952618,0.0448877811431885,2.40000003178914
"20137",0.139495798319328,0.244817927479744,1.75502008253551
"20139",0.0373774509803922,0.103247545659542,2.76229499207168
"20141",0.152027027027027,0.152027025818825,0.999999992052714
"20143",0.163934426229508,0.209601879119873,1.27857146263123
"20145",0.0622610595303113,0.0868377909064293,1.39473679955853
"20147",0.0228702115494568,0.0857632905244827,3.74999987818301
"20149",0.238396985785237,0.622709393501282,2.6120690723089
"20151",0.0746218487394958,0.181176468729973,2.42792790302554
"20153",0.0357142857142857,0.0589285716414452,1.65000000596046
"20155",0.229428489018913,0.58642715215683,2.55603458256
"20157",0.348756506651243,0.364950835704803,1.04643448579371
"20159",0.177701674277017,0.293379008769989,1.65096367247865
"20161",0.0782089252547563,0.274434000253677,3.50898569900739
"20163",0.305610561056106,0.354455441236496,1.15982719972633
"20165",0.0211581291759465,0.0211581289768219,0.99999999058874
"20167",0.0881844380403458,0.165417864918709,1.87581696492784
"20169",0.266198194113869,0.547999560832977,2.05861487023674
"20171",0.0749414519906323,0.163153782486916,2.17708328505978
"20173",0.309441953605416,NA,NA
"20175",0.0198668498362042,0.0370918326079845,1.86702134026254
"20177",0.150764936944387,0.476586729288101,3.16112445603914
"20179",0.0360205831903945,0.0360205844044685,1.00000003370501
"20181",0.0368615060558189,0.081095315515995,2.20000005949821
"20183",0.211856171039844,0.22351798415184,1.05504589767084
"20185",0.0966921119592875,0.113231554627419,1.17105265706778
"20187",0.0225,0.0225000008940697,1.00000003973643
"20189",0.088021778584392,0.0880217775702477,0.999999988478484
"20191",0.263885839736553,0.694621324539185,2.63227964498834
"20193",0.057601880877743,0.123040750622749,2.13605439176365
"20195",0.047680412371134,0.0579896904528141,1.21621621057794
"20197",0.222523744911805,0.322930812835693,1.45121956743845
"20199",0,0,NA
"20201",0.138089005235602,0.320026189088821,2.31753562524985
"20203",0.109263657957245,0.10926365852356,1.00000000518301
"20205",0.554449815183395,0.814330399036407,1.46871795559541
"20207",0.0105633802816901,0.0211267601698637,1.9999999627471
"20209",0.293407205959359,0.902873277664185,3.07720212498546
"21001",0.172494857478695,0.535116076469421,3.10221466477929
"21003",0.437037037037037,0.504725396633148,1.15488014483856
"21005",0.430176077717061,0.557680606842041,1.29640078965256
"21007",0.46656298600311,0.554691553115845,1.18888889551163
"21009",0.404193279644543,0.757775604724884,1.87478526459245
"21011",0.426602343211578,0.562370777130127,1.3182552465522
"21013",0.109968889490058,0.170025706291199,1.54612551858651
"21015",0.229739098704616,0.711713194847107,3.09791933049316
"21017",0.346202646365779,0.417618274688721,1.20628273374747
"21019",0.197283890379767,0.371228754520416,1.88169826642109
"21021",0.296374313800587,0.433678030967712,1.46327806012065
"21023",0,0.0199999995529652,Inf
"21025",0.0067911714770798,0.0509337857365608,7.49999994970858
"21027",0.170175438596491,0.453070163726807,2.66237106519876
"21029",0.338014485073309,0.786080181598663,2.3255813472851
"21031",0.44546693933197,0.537491500377655,1.20658000161288
"21033",0.280356593913311,0.336612343788147,1.20065784467417
"21035",0.294889502762431,0.435946136713028,1.47833725049289
"21037",0.187960836455941,0.568274319171906,3.02336555788371
"21039",0.244741873804971,0.244741871953011,0.999999992433004
"21041",0.488548136645963,0.505628883838654,1.03496226044368
"21043",0.135979922427561,0.34223136305809,2.51677863134834
"21045",0.176718684099536,0.485027402639389,2.74463000395702
"21047",0.257859444396064,0.477923899888992,1.85342794408149
"21049",0.350986817038787,0.539510786533356,1.53712549971282
"21051",0.137518142235123,0.224963709712029,1.63588386270805
"21053",0.638072143073659,0.656562566757202,1.02897857849502
"21055",0.145883777239709,0.177360773086548,1.21576762298331
"21057",0.277032359905288,0.440410405397415,1.5897435431297
"21059",0.240518396372256,0.669509410858154,2.78360998974041
"21061",0.142506142506143,0.368550360202789,2.58620683797475
"21063",0.0580110497237569,NA,NA
"21065",0.0334029227557411,0.0427974946796894,1.2812499969732
"21067",0.167623059453961,0.540809690952301,3.22634423159923
"21069",0.287434161023326,0.83521443605423,2.90575912438762
"21071",0.0596076937726147,0.168920204043388,2.83386578732215
"21073",0.233643707220818,0.559721291065216,2.39561894357472
"21075",0.25,0.271594673395157,1.08637869358063
"21077",0.135623869801085,0.183544307947159,1.35333336393038
"21079",0.335479716677399,0.674179017543793,2.00959695632536
"21081",0.235791451385627,0.379051208496094,1.60756976670953
"21083",0.341752857920523,0.54033750295639,1.58107676478319
"21085",0.44981979484336,0.77876353263855,1.73127892895362
"21087",0.216104611149346,0.264969021081924,1.22611461029311
"21089",0.13260555466367,0.208540692925453,1.57263919640756
"21091",0.764083575773605,NA,NA
"21093",0.253371527889536,0.545334577560425,2.15231199062816
"21095",0.0714285714285714,0.149334728717804,2.09068620204926
"21097",0.391812865497076,0.458428680896759,1.17001946915442
"21099",0.489084293511219,0.56973922252655,1.16491007804871
"21101",0.427325581395349,0.986757099628448,2.30914586579719
"21103",0.386929460580913,0.490145236253738,1.26675605294532
"21105",0,0,NA
"21107",0.239158163265306,0.373086720705032,1.55999994150798
"21109",0.486059092800666,0.533915936946869,1.09845890109874
"21111",0.178051508911092,0.682335436344147,3.83223619118477
"21113",0.287117742650318,0.747156143188477,2.60226392243005
"21115",0.149662823580596,0.263432681560516,1.76017447257804
"21117",0.156491708310787,0.531416118144989,3.39581006483497
"21119",0.0382262996941896,0.0382262989878654,0.99999998152256
"21121",0.166509656146962,0.244936406612396,1.47100421849538
"21123",0.437778879524046,0.61824494600296,1.41223109409736
"21125",0.268389346861129,0.644261240959167,2.40047247960451
"21127",0.0232158211521926,0.0292347371578217,1.2592592338721
"21129",0.107411385606874,0.1170784085989,1.08999998405576
"21131",0.00333611342785655,NA,NA
"21133",0.0426974528129009,0.0870441645383835,2.03862663470369
"21135",0.277218664226898,0.41811528801918,1.50825085744213
"21137",0.312323943661972,0.45669013261795,1.46223221717585
"21139",0.114457831325301,0.140963852405548,1.23157892101689
"21141",0.504529616724739,0.681254327297211,1.35027618739157
"21143",0.0441640378548896,0.0946372225880623,2.14285711145827
"21145",0.133470716482991,0.308096647262573,2.30834639523221
"21147",0.241738066095471,0.462056308984756,1.91139242754707
"21149",0.222764227642276,0.425203263759613,1.90875917673111
"21151",0.296503693943814,0.71191942691803,2.40104741174973
"21153",0.0708661417322835,0.17547807097435,2.47619055708249
"21155",0.445479641131815,NA,NA
"21157",0.38522396742292,NA,NA
"21159",0.00815116709892553,0.00815116707235575,0.999999996740371
"21161",0.294489017493095,0.325134813785553,1.10406430960766
"21163",0.0712062256809338,0.229571983218193,3.2240436987473
"21165",0.379032258064516,0.487903237342834,1.28723407298961
"21167",0.499333777481679,0.632578253746033,1.26684450816917
"21169",0.493613824192337,0.62885046005249,1.27397254540314
"21171",0.323375050464271,0.438433587551117,1.35580523890651
"21173",0.416508987701041,0.741721868515015,1.78080639414053
"21175",0.250950570342205,0.376901149749756,1.50189397551797
"21177",0.181416559783383,0.309961527585983,1.70856248159532
"21179",0.360484544695071,NA,NA
"21181",0.0353260869565217,0.0706521719694138,1.99999994498033
"21183",0.334410339256866,0.44487076997757,1.33031404162375
"21185",0.260811090420029,0.945685923099518,3.62594213910351
"21187",0.0603741496598639,0.0680272132158279,1.12676060199738
"21189",0.0602739726027397,0.0602739714086056,0.999999980188229
"21191",0.4026330224904,0.606692254543304,1.50681196189706
"21193",0.0985401459854015,0.140105441212654,1.42181077378768
"21195",0.0710632438280712,0.216091275215149,3.04083044306217
"21197",0.368819599109131,0.419153660535812,1.13647339118708
"21199",0.241632343890546,0.671116769313812,2.77742937269115
"21201",0,0,NA
"21203",0.252755065766086,0.358336299657822,1.41772153437054
"21205",0.223410404624277,0.361705213785172,1.61901686894786
"21207",0.398697721011771,0.562484323978424,1.41080396083282
"21209",0.474061577393505,0.579877197742462,1.22321070804927
"21211",0.417784358125762,0.915432870388031,2.19116118778307
"21213",0.461234500613163,0.707044541835785,1.53293940695209
"21215",0.206081081081081,0.686936914920807,3.33333322650096
"21217",0.249427168576105,0.48848882317543,1.95844272283588
"21219",0.568151147098516,0.631129086017609,1.11084715614976
"21221",0.454244762954796,0.608967304229736,1.3406149148941
"21223",0.0254668930390492,0.0407470278441906,1.59999996001522
"21225",0.319083746717245,0.47811496257782,1.49839961294393
"21227",0.243854677816942,0.632202208042145,2.59253672597878
"21229",0.38150289017341,0.878973960876465,2.30397720047922
"21231",0.450953365495061,NA,NA
"21233",0.311943620178042,0.452151328325272,1.44946490031502
"21235",0.151936087519793,0.242478772997856,1.59592613549607
"21237",0.256038647342995,0.256038635969162,0.99999995557767
"21239",0.440117364630568,0.570285379886627,1.29575750860301
"22001",0.237356527977044,0.755469858646393,3.18284845622387
"22003",0.202770083102493,0.306371182203293,1.51092891769657
"22005",0.346270344493356,NA,NA
"22007",0.176240208877285,0.254134029150009,1.44197530614005
"22009",0.135092467298151,0.320590883493423,2.37312183206985
"22011",0.197478991596639,0.265864968299866,1.34629494585889
"22013",0.3202416918429,0.337025851011276,1.05241091212012
"22015",0.148910451174491,0.531673669815063,3.5704254847234
"22017",0.146684009932962,0.450085043907166,3.0683988262447
"22019",0.213660469890511,0.670235514640808,3.13691865876859
"22021",0.06,0.0599999986588955,0.999999977648258
"22023",0.124925991711072,0.124925993382931,1.0000000133828
"22025",0.16829109811566,0.168291091918945,0.999999963178598
"22027",0.17722371967655,0.313679248094559,1.76996199305067
"22029",0.048780487804878,0.0740418136119843,1.51785717904568
"22031",0.327281414237936,0.512183487415314,1.56496356081789
"22033",0.218963948297466,0.970637440681458,4.43286416886689
"22035",0,0,NA
"22037",0.0785867237687366,0.0785867273807526,1.00000004596216
"22039",0.154641011936576,0.217887043952942,1.40898614943302
"22041",0.0927007299270073,0.162530407309532,1.75328077176424
"22043",0.353573687539532,0.454775452613831,1.28622538565736
"22045",0.205294140579315,0.629137277603149,3.06456519327732
"22047",0.437307395993837,NA,NA
"22049",0.0709090909090909,0.165757581591606,2.33760691988163
"22051",0.133930867631231,0.589553952217102,4.40192737226491
"22053",0.113471589951104,0.223739668726921,1.97176816525909
"22055",0.115875736681946,0.43564385175705,3.75957783942982
"22057",0.124258770419679,0.322124034166336,2.59236457175919
"22059",0.147368421052632,0.216842100024223,1.47142853587866
"22061",0.179533620104143,0.321862488985062,1.79277000485122
"22063",0.236430987276534,0.787324845790863,3.33004084980618
"22065",0.0318704284221526,0.0318704284727573,1.00000000158783
"22067",0.221723657744082,0.287637323141098,1.29727845042632
"22069",0.291670706874818,0.408125668764114,1.39926862432324
"22071",0.0699536208456017,0.224154680967331,3.20433278874977
"22073",0.181777579276463,0.516252279281616,2.8400217526082
"22075",0.27505209319947,0.656753182411194,2.38774108123188
"22077",0.144201424211597,0.215666323900223,1.49559080348444
"22079",0.16922879012028,0.476533532142639,2.8159128940409
"22081",0.30939524838013,0.343412518501282,1.10994761651723
"22083",0.215899403239557,0.331415176391602,1.53504443003889
"22085",0.244683232594582,0.474591434001923,1.93961567766385
"22087",0.176602032725438,0.420312851667404,2.38000007803343
"22089",0.338329646017699,0.814823031425476,2.40837018279755
"22091",0.147934678194044,0.147934675216675,0.999999979873756
"22093",0.450231696014829,0.725857257843018,1.61218604613548
"22095",0.288381164669824,0.504040122032166,1.74782608499849
"22097",0.199907616505851,0.523506462574005,2.61874195553066
"22099",0.204757268048407,0.630963981151581,3.0815217802301
"22101",0.239463239463239,0.812228322029114,3.39187060130706
"22103",0.105834689951162,0.389651477336884,3.68169904892896
"22105",0.147564056297366,0.3734031021595,2.53044753260938
"22107",0,0,NA
"22109",0.170629124061855,0.675615787506104,3.95955726327931
"22111",0.461224489795918,0.597959160804749,1.29646012740853
"22113",0.200060350030175,0.530275583267212,2.65057810399327
"22115",0.0702345645726611,0.250741451978683,3.57005775581166
"22117",0.242111801242236,0.512173891067505,2.11544372657435
"22119",0.282811903853491,0.544257938861847,1.92445201720998
"22121",0.445073351045397,NA,NA
"22123",0.0887337986041874,0.108175471425056,1.21910109931833
"22125",0,0.0052668540738523,Inf
"22127",0.265194740759117,0.435375839471817,1.64172124313461
"23001",0.226572899103736,0.640118896961212,2.82522269650677
"23003",0.174244845772735,0.488173246383667,2.80165099988315
"23005",0.123719591345345,0.428374469280243,3.46246269181812
"23007",0.275249722530522,0.533649504184723,1.93878307770337
"23009",0.206265708106844,0.616166949272156,2.98724860728175
"23011",0.117712704222837,0.340438365936279,2.89211235256144
"23013",0.157916959887403,0.408937364816666,2.58957217203423
"23015",0.0857076132648295,0.387085467576981,4.51634869799627
"23017",0.278416262539029,0.711951076984406,2.55714616126133
"23019",0.149424486739687,0.427812695503235,2.86306953323206
"23021",0.310739250158865,0.460919290781021,1.48329923093197
"23023",0.0468923623972146,0.192236468195915,4.09952619933122
"23025",0.339278610263891,0.614175856113434,1.81024042640274
"23027",0.1824316969631,0.428649187088013,2.34964205356657
"23029",0.208818739822122,0.409119367599487,1.95920810530696
"23031",0.24385787205307,0.754771709442139,3.09512956497005
"24001",0.183880691734095,0.345986038446426,1.88157894765127
"24003",0.153153338088958,0.545086920261383,3.55909265225923
"24005",0.152968912079967,0.582786917686462,3.80983893891982
"24009",0.178380419052413,0.64260995388031,3.60246913475124
"24011",0.33706591070163,0.669312536716461,1.98570224833248
"24013",0.223976006480002,0.875632107257843,3.90949066830525
"24015",0.211256422232602,0.454974323511124,2.15365913472765
"24017",0.165389566603322,0.724851369857788,4.38269102909196
"24019",0.355894080359881,0.781515181064606,2.19592070841508
"24021",0.211232465184959,0.800389528274536,3.78914068712734
"24023",0.194545067121244,0.641274213790894,3.29627588753632
"24025",0.183862815272147,0.681632399559021,3.70728795025841
"24027",0.140241734802702,0.572846293449402,4.08470626989396
"24029",0.204716717834217,0.375941962003708,1.8364008859704
"24031",0.112784393442958,0.54224818944931,4.80782999221926
"24033",0.158882559919214,0.701117932796478,4.4128061201492
"24035",0.210733119636025,0.694757521152496,3.29685965999303
"24037",0.0895694515633009,0.381770044565201,4.2622795819554
"24039",0.0635775862068965,0.183728441596031,2.88983040340876
"24041",0.23221453085917,0.536559820175171,2.31062120957699
"24043",0.213028349196602,0.61058235168457,2.86620233404273
"24045",0.176634587030534,0.49087205529213,2.77902569108549
"24047",0.170117608083485,0.551764130592346,3.24342751352093
"24510",0.108992385831025,0.427529484033585,3.92256285403644
"25001",0.0921307506053269,0.382835626602173,4.15535121647036
"25003",0.17513488405331,0.561153411865234,3.20412129712788
"25005",0.238314650874702,0.948041617870331,3.97810883380721
"25007",0.12621359223301,0.502954840660095,3.98494989138383
"25009",0.23850752422181,0.983580887317657,4.12389877647187
"25011",0.37010978815525,0.700208723545074,1.89189463762941
"25013",0.199346554821876,0.79771238565445,4.00163617759653
"25015",0.133511491181187,0.374516308307648,2.80512415069499
"25017",0.153537211484896,0.705121099948883,4.59250948437505
"25021",0.129352383556649,0.556743323802948,4.30408244900354
"25023",0.147164119066774,0.626381039619446,4.25634348638497
"25025",0.0550795789159802,0.219329684972763,3.98205086693444
"25027",0.199356593033077,0.832024097442627,4.17354693308076
"26001",0.24405705229794,0.897781312465668,3.67857148159634
"26003",0.372972972972973,0.42657658457756,1.1437198282152
"26005",0.509894422641092,NA,NA
"26007",0.20908940943583,0.537033975124359,2.56844178083145
"26009",0.338050627865258,NA,NA
"26011",0.159499054820416,0.316398859024048,1.98370366131818
"26013",0.266409266409266,0.400992840528488,1.50517602459244
"26015",0.360893236135462,0.850050747394562,2.35540781117741
"26017",0.187904775986988,0.551293790340424,2.93389983008521
"26019",0.269715520345697,0.675549149513245,2.50467288143963
"26021",0.267821725375777,0.91982889175415,3.43448198783558
"26023",0.311145272867025,0.70084547996521,2.25247028022416
"26025",0.260016004267805,0.751933872699738,2.89187534750853
"26027",0.447726207219878,NA,NA
"26029",0.408431826489582,0.923479974269867,2.26103823055871
"26031",0.220740480786103,0.665028929710388,3.01271849794873
"26033",0.108008898776418,0.237708568572998,2.2008239253051
"26035",0.191475079711361,0.465682148933411,2.43207706002997
"26037",0.264021887824897,0.744507908821106,2.81987192408409
"26039",0.242902208201893,0.507599651813507,2.08972843668678
"26041",0.237423173230139,0.426436007022858,1.79610103437336
"26043",0.392700729927007,0.733958959579468,1.86900329855738
"26045",0.188980736585726,0.521846652030945,2.76137484411922
"26047",0.198867377848018,0.562360048294067,2.82781446801116
"26049",0.196467135897601,0.59030544757843,3.00460148147167
"26051",0.338371526084837,0.920526564121246,2.72046107062345
"26053",0.154033732981101,0.318024784326553,2.06464375154481
"26055",0.196875872986312,0.675179243087769,3.42946666265557
"26057",0.242927325088938,0.570811450481415,2.34972105452705
"26059",0.433055555555556,NA,NA
"26061",0.130912162162162,0.310494095087051,2.37177424892302
"26063",0.379870729455217,NA,NA
"26065",0.170066682380493,0.514245092868805,3.02378505695947
"26067",0.375390659880346,NA,NA
"26069",0.238623271889401,0.554723501205444,2.32468315773724
"26071",0.17931269139163,0.293637305498123,1.63757123502654
"26073",0.141320316572674,0.399175405502319,2.82461443041732
"26075",0.24952500342781,0.894932687282562,3.58654513571212
"26077",0.196595547061293,0.672433018684387,3.42038784059917
"26079",0.264705882352941,0.597938120365143,2.25887734360165
"26081",0.263195398168647,NA,NA
"26083",0.0326086956521739,0.163043484091759,5.00000017881393
"26085",0.142525174283501,0.361735075712204,2.53804338448074
"26087",0.337531752751905,0.963219702243805,2.85371581900266
"26089",0.258832372838887,NA,NA
"26091",0.318160038332535,0.952084302902222,2.99246978939298
"26093",0.317533470055534,NA,NA
"26095",0.0316546762589928,0.0633093491196632,1.99999989264391
"26097",0.139739823751574,0.413344532251358,2.95795801908404
"26099",0.30285891756706,NA,NA
"26101",0.218699333453432,0.365159422159195,1.66968694596844
"26103",0.0916055805154883,0.260108768939972,2.83944239506232
"26105",0.304932735426009,0.544629514217377,1.78606443633051
"26107",0.224183583406884,0.408870249986649,1.82381887100344
"26109",0.452815099168266,NA,NA
"26111",0.231858048455727,0.542680978775024,2.34057425390022
"26113",0.305656460819927,0.632589519023895,2.06960951300347
"26115",0.25962408542103,0.679955542087555,2.61900024023148
"26117",0.375302980674746,0.733966588973999,1.9556641614048
"26119",0.308873720136519,0.583048939704895,1.88766120810535
"26121",0.303133777606433,NA,NA
"26123",0.24368293527172,0.439021587371826,1.80160989476876
"26125",0.134177946398349,0.58666718006134,4.37230704306381
"26127",0.390738699007718,NA,NA
"26129",0.203990735791912,0.648138225078583,3.17729245184811
"26131",0.239406779661017,0.305614411830902,1.27654869366536
"26133",0.563160118293198,0.731023788452148,1.29807449907445
"26135",0.286472148541114,0.366710871458054,1.28009257907117
"26137",0.195220697146243,0.46321713924408,2.37278703547031
"26139",0.420059929597269,NA,NA
"26141",0.0918045705279748,0.187155246734619,2.03862667902345
"26143",0.167628907027673,0.422257602214813,2.51900229919835
"26145",0.226100311862499,0.510340690612793,2.25714279829544
"26147",0.285206067928581,NA,NA
"26149",0.480537825677514,NA,NA
"26151",0.406654343807763,NA,NA
"26153",0.204050632911392,0.243544310331345,1.19354841911763
"26155",0.254924831518922,0.787130653858185,3.08769706414324
"26157",0.252096694622595,0.587173163890839,2.32915851899556
"26159",0.34913217623498,0.946959555149078,2.7123239266029
"26161",0.182447653285666,0.688664138317108,3.77458479687233
"26163",0.187968492910905,0.819534420967102,4.35995633244531
"26165",0.348156267125969,0.739215552806854,2.12322920080997
"27001",0.222222222222222,0.494476944208145,2.22514624893665
"27003",0.294558313525309,NA,NA
"27005",0.136536444677504,0.331541687250137,2.42822850729145
"27007",0.173753507446579,0.43298077583313,2.49192538439117
"27009",0.390517826185272,0.969322383403778,2.4821463155024
"27011",0.097911227154047,0.332898169755936,3.39999997377396
"27013",0.185290690146316,0.596594572067261,3.21977629634903
"27015",0.309435452033162,0.619739413261414,2.0028067540076
"27017",0.170333839150228,0.287177532911301,1.6859687678267
"27019",0.381047095708458,NA,NA
"27021",0.110440835266821,0.38948181271553,3.52661053110071
"27023",0.233839118686344,0.383704006671906,1.64088886764314
"27025",0.237570059663714,0.776441872119904,3.2682648361455
"27027",0.117994100294985,0.340778201818466,2.8880952604115
"27029",0.39468085106383,0.447872340679169,1.13477089013051
"27031",0.0742471443406023,0.129802703857422,1.74825180160416
"27033",0.331348692725861,0.412114948034286,1.24375003457535
"27035",0.193010146561443,0.578173637390137,2.9955608432538
"27037",0.187072924069316,0.688685536384583,3.68137473560527
"27039",0.367052023121387,0.612716734409332,1.66929126067424
"27041",0.244829041789785,0.67679750919342,2.76436775737795
"27043",0.355422885572139,0.691940307617188,1.94680853626896
"27045",0.198051302445814,0.366076767444611,1.84839363803107
"27047",0.264708453536148,0.58090740442276,2.19451776723644
"27049",0.26995525028619,0.658705353736877,2.44005387203456
"27051",0.123928806855636,0.277521431446075,2.23936176331753
"27053",0.144892488464206,0.640030980110168,4.4172819922841
"27055",0.20995145631068,0.487378627061844,2.32138721791306
"27057",0.287178368948975,0.492150008678436,1.7137433104019
"27059",0.236976889444097,0.725421607494354,3.0611491660476
"27061",0.185347142309168,0.415957033634186,2.24420527045597
"27063",0.380234505862647,0.44639864563942,1.1740087728931
"27065",0.257970166715414,0.475285172462463,1.84240363338907
"27067",0.225060559348161,0.604217112064362,2.68468679636425
"27069",0.06163753449862,0.113155476748943,1.83582094367316
"27071",0.288610240334378,0.37784743309021,1.30919621096065
"27073",0.217720151269584,0.265262007713318,1.21836222401328
"27075",0.171802325581395,0.263953477144241,1.5363789532592
"27077",0.0845657944634054,0.0845657959580421,1.00000001767425
"27079",0.389508928571429,0.725924730300903,1.86369214426822
"27081",0.051978277734678,0.147401079535484,2.83582076897372
"27083",0.19210917679993,0.485784262418747,2.52868848074166
"27085",0.431870810481414,0.865874469280243,2.00493862577801
"27087",0,0,NA
"27089",0.222794959908362,0.437571585178375,1.96401025121194
"27091",0.252558023458947,0.48115798830986,1.90513839837708
"27093",0.359786649426216,0.761758506298065,2.11725061925702
"27095",0.273378264532435,0.584877848625183,2.13944531993249
"27097",0.285782215882073,0.53863525390625,1.88477527282004
"27099",0.336391226376052,0.760104835033417,2.25958579009934
"27101",0.17189763399324,0.420086920261383,2.44382025803743
"27103",0.412063707217892,0.534564554691315,1.29728618494578
"27105",0.298607046704905,0.373522192239761,1.25088204167161
"27107",0.0465116279069767,0.100332222878933,2.15714279189706
"27109",0.188723501369307,0.510688185691833,2.70601266925672
"27111",0.252004917169115,0.558391392230988,2.21579562217932
"27113",0.222917597973476,0.299955308437347,1.34558828537636
"27115",0.101213331285517,0.238673016428947,2.35811837628054
"27117",0.146305125148987,0.218712747097015,1.49490830806025
"27119",0.201942176120062,0.282498329877853,1.3989070302476
"27121",0.226144794064978,0.624200582504272,2.76018108258959
"27123",0.140091245507862,0.579692840576172,4.13796621248284
"27125",0.0579064587973274,0.115812920033932,2.00000004212444
"27127",0.25789370464797,0.67601490020752,2.62129275753471
"27129",0.210593374590462,0.386057525873184,1.83318932337707
"27131",0.250558081852005,0.67990905046463,2.71357860596261
"27133",0.137174211248285,0.153635114431381,1.11999998420477
"27135",0.563607924921794,0.572210609912872,1.0152635983468
"27137",0.101047207234786,0.341267108917236,3.37730372027296
"27139",0.273135834174081,0.958146095275879,3.5079472386813
"27141",0.226476314081765,0.731343269348145,3.22922629818192
"27143",0.347136848916208,0.758654177188873,2.18546138088612
"27145",0.22312289620114,0.740234911441803,3.31761071608939
"27147",0.353792704111175,0.811180710792542,2.29281356389316
"27149",0.146394557823129,0.203537419438362,1.39033460304086
"27151",0.166886979510905,0.323859870433807,1.94059399590634
"27153",0.387545473999572,0.63620799779892,1.64163444158716
"27155",0.0854092526690391,0.0854092538356781,1.0000000136594
"27157",0.463793569305593,0.67319643497467,1.45150014904821
"27159",0.174337260677467,0.2803755402565,1.60823646744806
"27161",0.414281220509594,0.590437233448029,1.42520878142087
"27163",0.230017369335228,0.667771995067596,2.90313725871016
"27165",0.348641837020442,0.498459815979004,1.42971887780002
"27167",0.0220369267421084,0.0541989281773567,2.45945947053465
"27169",0.284298138969419,0.638127744197845,2.24457235812749
"27171",0.276813334789096,NA,NA
"27173",0.274579724910851,0.274579733610153,1.00000003168225
"28001",0.142154588475457,0.311032742261887,2.18798946694279
"28003",0.357130730050934,0.530305624008179,1.48490616848499
"28005",0.461162079510703,0.781039774417877,1.69363399359845
"28007",0.453232687889728,0.488841474056244,1.07856623566211
"28009",0,0,NA
"28011",0.277650489481358,0.405748814344406,1.46136538459677
"28013",0.514122273864855,NA,NA
"28015",0.198230088495575,0.833628296852112,4.20535703322717
"28017",0.633891874802403,NA,NA
"28019",0.158730158730159,0.289682537317276,1.82499998509884
"28021",0.210090984284533,0.210090979933739,0.999999979290906
"28023",0.45157967032967,0.522321403026581,1.15665393582768
"28025",0.476899962438963,0.491047948598862,1.0296665700864
"28027",0.166465621230398,0.224487334489822,1.34855072675408
"28029",0.43347788378144,0.639895915985107,1.47619045844504
"28031",0.514243249938073,0.885310888290405,1.72157998845297
"28033",0.234136217847934,0.706873774528503,3.01907061208105
"28035",0.17394380730564,0.417848408222198,2.40220341669301
"28037",0.20777027027027,0.207770273089409,1.00000001356854
"28039",0.157123381049761,0.161895021796227,1.03036875043412
"28041",0.0604508196721311,0.0604508183896542,0.999999978784788
"28043",0.345679012345679,0.453216373920441,1.31109022455556
"28045",0.110486508585446,0.262673765420914,2.37742841894377
"28047",0.0902864424327696,0.294844567775726,3.26565716658155
"28049",0.115319936810994,0.419043332338333,3.63374576787303
"28051",0.185273159144893,0.18527315557003,0.999999980704907
"28053",0.445883827831174,NA,NA
"28055",0,NA,NA
"28057",0.525768207113477,NA,NA
"28059",0.384067217179864,0.636853873729706,1.65818337322828
"28061",0.455801104972376,0.465009212493896,1.02020202983509
"28063",0.0104895104895105,0.0104895103722811,0.999999988824129
"28065",0.108771929824561,0.167719304561615,1.54193554193743
"28067",0.367028314368881,0.956690490245819,2.60658497666831
"28069",0.282819383259912,0.282819390296936,1.00000002488169
"28071",0.228791308284292,0.509008586406708,2.2247723929015
"28073",0.129449838187702,0.363384187221527,2.8071428462863
"28075",0.166007142167744,0.419811487197876,2.52887605747511
"28077",0.460431654676259,0.5290167927742,1.14895834680647
"28079",0.586894990093405,0.587461054325104,1.00096450683896
"28081",0.358691243408896,NA,NA
"28083",0.253529411764706,0.478487402200699,1.88730529870345
"28085",0.150300601202405,0.419438868761063,2.7906666068236
"28087",0.304546868749722,0.768967509269714,2.52495621585804
"28089",0.165247350971852,0.453780144453049,2.74606607479199
"28091",0.33486311125178,0.7651526927948,2.28497158117691
"28093",0.246330475221625,0.558930397033691,2.26902658524415
"28095",0.474654899298484,NA,NA
"28097",0.28594313175811,0.361633956432343,1.26470586724308
"28099",0.12994683992912,0.165741294622421,1.27545459907163
"28101",0.451585976627713,0.496452420949936,1.09935305045845
"28103",0.505498672734168,0.916951060295105,1.81395344786061
"28105",0.18313497555125,0.257588326931,1.40654905572046
"28107",0.295617070357555,0.58304500579834,1.97229816631744
"28109",0.151759724794919,0.306562572717667,2.0200522446383
"28111",0.468463886063072,0.645473062992096,1.377850208298
"28113",0.28884691195795,0.406126797199249,1.40602783130454
"28115",0.676630434782609,NA,NA
"28117",0.518678725914274,NA,NA
"28119",0.126091173617847,0.129970908164978,1.03076927936994
"28121",0.189000395836729,0.597573757171631,3.16175928905384
"28123",0.623834298615883,NA,NA
"28125",0,0.0217391308397055,Inf
"28127",0.158618127786033,0.228640422224998,1.44145202957774
"28129",0.542430703624733,0.556929647922516,1.02672957891376
"28131",0.276419394944053,0.282635718584061,1.02248873904548
"28133",0.186504385179882,0.358868807554245,1.92418428772127
"28135",0.135734072022161,0.135734066367149,0.99999995833757
"28137",0.302775441547519,0.346719920635223,1.14513884898689
"28139",0.545732554906867,0.826661109924316,1.51477331247976
"28141",0.531793011265992,0.950353264808655,1.78707362578202
"28143",0.043677897032658,0.0436778962612152,0.999999982337914
"28145",0.448436228345541,NA,NA
"28147",0.369847328244275,0.675572514533997,1.8266253746946
"28149",0.258463350014719,0.445589244365692,1.72399392153788
"28151",0.197726283724978,0.34404918551445,1.74002757262659
"28153",0.364733821492183,0.615080177783966,1.68638097576906
"28155",0.440771349862259,0.440771341323853,0.99999998062849
"28157",0,0,NA
"28159",0.308254038504094,0.592387676239014,1.92175154983783
"28161",0.554140127388535,0.612963676452637,1.10615284141453
"28163",0.346830265848671,0.474233120679855,1.36733488214888
"29001",0.182468021068473,0.27213442325592,1.49140885982317
"29003",0.142115509409474,0.430240094661713,3.02739719577032
"29005",0.0328988206083178,0.0701427683234215,2.13207546734023
"29007",0.270327349524815,0.495512157678604,1.83300786453765
"29009",0.461388848869039,NA,NA
"29011",0.0359342915811088,0.109034910798073,3.03428580335208
"29013",0.159630606860158,0.321569919586182,2.01446280203575
"29015",0.233997456549385,0.585841476917267,2.5036232682026
"29017",0.175489485134155,0.480058014392853,2.73553719771795
"29019",0.137891910895203,0.409888446331024,2.97253438341671
"29021",0.243542340012928,0.663503527641296,2.72438676414982
"29023",0.28120253164557,0.604936718940735,2.15124919182165
"29025",0.240875912408759,0.47236704826355,1.96103895794262
"29027",0.150886653531059,0.356113255023956,2.36013753827905
"29029",0.164831657890538,0.506941139698029,3.07550834703538
"29031",0.18770741340062,0.458352774381638,2.44184694721346
"29033",0.25,0.413065850734711,1.65226340293884
"29035",0.307775377969762,0.62958961725235,2.04561398447606
"29037",0.227253258275714,0.78896164894104,3.47172865606985
"29039",0.132758620689655,0.252586215734482,1.90259746916882
"29041",0.0752688172043011,0.227598562836647,3.02380947768688
"29043",0.32108941049991,0.995430946350098,3.10016747297985
"29045",0.134133042529989,0.246455833315849,1.83739836707832
"29047",0.220887223202038,0.614075064659119,2.78003886217287
"29049",0.106211936662607,0.253105968236923,2.38302752204718
"29051",0.160681910431606,0.486158847808838,3.02559788157218
"29053",0.17257572200047,0.26297253370285,1.52380955243597
"29055",0.381884944920441,0.773765802383423,2.02617519406172
"29057",0.155600268276325,0.168343394994736,1.08189656007393
"29059",0.209856915739269,0.368441969156265,1.75568180757039
"29061",0.0973952434881087,0.265005648136139,2.72093008493268
"29063",0.181372549019608,0.289215683937073,1.5945945817071
"29065",0.247587537910119,0.458781361579895,1.85300667978873
"29067",0.357966457023061,0.388364791870117,1.08491950642487
"29069",0.18179500254972,0.319734841585159,1.75876584669985
"29071",0.39216248963714,NA,NA
"29073",0.415359010936757,0.835710883140564,2.01202059215181
"29075",0.145352112676056,0.145352110266685,0.999999983423902
"29077",0.160649138256384,0.542051136493683,3.37413037117329
"29079",0.402669978267619,0.44986030459404,1.11719355520232
"29081",0,0.00841908343136311,Inf
"29083",0.313505747126437,0.507471263408661,1.61869843873707
"29085",0.0828488372093023,0.229651167988777,2.77192988730314
"29087",0.138983050847458,0.181920900940895,1.30894306774546
"29089",0.203286670724285,0.334753513336182,1.64670665392619
"29091",0.303034971498999,0.653520286083221,2.1565837198608
"29093",0.16944865958523,0.350025296211243,2.06567167346157
"29095",0.147071717126876,0.599227011203766,4.07438644839392
"29097",0.24184039978137,0.553935348987579,2.29049964145094
"29099",0.222689537632635,0.769311130046844,3.45463526587386
"29101",0.215211032177183,0.355098217725754,1.65000006799559
"29103",0,0,NA
"29105",0.444908393694078,NA,NA
"29107",0.216058185966914,0.525812864303589,2.43366323729159
"29109",0.261376728110599,0.561491906642914,2.1482092560487
"29111",0.0412060301507538,0.05527638271451,1.34146343416921
"29113",0.263526416295353,0.679057896137238,2.57681148510048
"29115",0.411618444846293,0.468354433774948,1.13783636190026
"29117",0.206855081178593,0.334335535764694,1.61627905807176
"29119",0.620625,0.74874997138977,1.20644506971161
"29121",0.214220042905302,0.364082127809525,1.69957079119096
"29123",0.22976098689283,0.257131844758987,1.11912752567922
"29125",0.170344218887908,0.202118262648582,1.18652845378676
"29127",0.290867787369378,0.424988627433777,1.46110585595399
"29129",0,0,NA
"29131",0.278766492789199,0.743786454200745,2.66813434698979
"29133",0.116440864152325,0.130721345543861,1.1226414927053
"29135",0.384159106769016,0.635380327701569,1.65395097111053
"29137",0.399057008144021,0.449207037687302,1.12567134148708
"29139",0.374704491725768,0.618203282356262,1.64984219833879
"29141",0.302160702228224,0.671505749225616,2.22234640134779
"29143",0.516680227827502,0.53437751531601,1.03425191546988
"29145",0.322735219840705,0.649420440196991,2.01223913683028
"29147",0.306587150989428,0.431282192468643,1.40671972415281
"29149",0.17104459376909,0.239462435245514,1.40000002320324
"29151",0.428949357520786,0.705593347549438,1.64493391860424
"29153",0.16632860040568,0.268762677907944,1.61585366108069
"29155",0.234841628959276,0.238687783479691,1.01637765219676
"29157",0.417102744097001,0.68679004907608,1.64657283797769
"29159",0.340797509280326,0.51161539554596,1.50122985530721
"29161",0.168940967072085,0.361242949962616,2.13827916474799
"29163",0.243256379100851,0.37958687543869,1.56043955287733
"29165",0.0889518110909285,0.274735540151596,3.08858849282737
"29167",0.155256214414665,0.340230524539948,2.19141324437582
"29169",0.0694403750366247,0.173893928527832,2.50421931673203
"29171",0.113003095975232,0.113003097474575,1.00000001326816
"29173",0.301928374655647,0.350964188575745,1.16240876325726
"29175",0.211193647540984,0.565317630767822,2.67677383931786
"29177",0.222437673130194,0.445152342319489,2.00124527493568
"29179",0.211376404494382,0.357443809509277,1.69102984963857
"29181",0.295190713101161,0.481343269348145,1.6306179293086
"29183",0.233800402623029,0.799067199230194,3.41773234889839
"29185",0.0565247732030705,0.113747380673885,2.01234563587256
"29186",0.431192660550459,0.846538782119751,1.96324951597985
"29187",0.196227493569591,0.49785652756691,2.53713951348182
"29189",0.160312380605202,0.631892502307892,3.94163257960743
"29195",0.251435478996676,0.477938950061798,1.90084132903184
"29199",0.212464589235127,0.252124637365341,1.18666662653287
"29201",0.221930127983397,0.533517837524414,2.4039901313639
"29203",0.468607825295723,0.712465882301331,1.52038835854206
"29205",0.0844961240310078,0.128682166337967,1.52293573005484
"29207",0.333809693938311,0.528402984142303,1.58294679195252
"29209",0.188065447545717,0.557459115982056,2.96417615918811
"29211",0.0168195718654434,0.0280326195061207,1.66666665063663
"29213",0.0793962181897444,0.268813699483871,3.38572422733598
"29215",0.25776325005837,0.452253103256226,1.75452902286813
"29217",0.222881813275769,0.357798159122467,1.60532684952526
"29219",0.376829268292683,0.768466889858246,2.03929724816751
"29221",0.289742685935848,0.453295737504959,1.56447689452746
"29223",0.289719626168224,0.507421672344208,1.75142319163968
"29225",0.264411827270793,0.63901299238205,2.41673377086727
"29229",0.214797820476054,0.303699463605881,1.41388521975128
"29510",0.13533427691283,0.522838890552521,3.86331461976397
"30001",0.085387323943662,0.147447183728218,1.72680413108511
"30003",0,0.0326086953282356,Inf
"30005",0,0.0275927688926458,Inf
"30007",0.235820895522388,0.235820889472961,0.999999974347368
"30009",0.13396127681842,0.3103087246418,2.31640614371281
"30011",0,0,NA
"30013",0.0825333814507398,0.305268853902817,3.6987319377556
"30015",0,0.0163043476641178,Inf
"30017",0.0740117746005046,0.13260443508625,1.7916667422449
"30019",0.026530612244898,0.0265306122601032,1.00000000057312
"30021",0.0200803212851406,0.0449799187481403,2.23999995365739
"30023",0.0728939327804452,0.110868617892265,1.52095810533641
"30025",0.0664961636828645,0.0690537095069885,1.03846155450894
"30027",0.167034352347936,0.356445014476776,2.13396232251851
"30029",0.197706453612508,0.661064803600311,3.34366830986689
"30031",0.190076845973939,0.72535914182663,3.81613624799983
"30033",0,0,NA
"30035",0.0575471698113208,0.0834905654191971,1.45081966138277
"30037",0,0,NA
"30039",0.110091743119266,0.128440365195274,1.16666665052374
"30041",0.0634857256937512,0.16270712018013,2.56289297164236
"30043",0.169296987087518,0.359397411346436,2.12288131956327
"30045",0,0,NA
"30047",0.209230769230769,0.448144793510437,2.14186849839547
"30049",0.0740251156642432,0.26805779337883,3.62117358376937
"30051",0,0,NA
"30053",0.198338525441329,0.453530639410019,2.28664924477407
"30055",0.0382352941176471,0.0382352955639362,1.00000003782602
"30057",0.226514486391572,0.680421411991119,3.00387592348017
"30059",0.0459363957597173,0.045936394482851,0.999999972203603
"30061",0.17364657814096,0.232890710234642,1.34117650188067
"30063",0.11104228707564,0.359332948923111,3.2360009721192
"30065",0.083743842364532,0.150246307253838,1.7941176689723
"30067",0.168160377358491,0.329716980457306,1.96072930875032
"30069",0,NA,NA
"30071",0.0347043701799486,0.134961441159248,3.88888893414427
"30073",0.156390977443609,0.179699242115021,1.14903842313932
"30075",0.0515021459227468,0.150214597582817,2.91666676973303
"30077",0.0302506482281763,0.0553154721856117,1.82857146625008
"30079",0.0650406504065041,0.130081295967102,1.99999992549419
"30081",0.229514665263712,0.761936068534851,3.31977073299168
"30083",0.164323962516734,0.257028102874756,1.56415472788141
"30085",0.0752808988764045,0.108988761901855,1.44776116556196
"30087",0.0182481751824818,0.0313868597149849,1.71999991238117
"30089",0.144965735371639,0.265155494213104,1.82909080917185
"30091",0.0308710033076075,0.0441014319658279,1.4285713854645
"30093",0.0574589284240073,0.151902914047241,2.64367815783654
"30095",0.102306920762287,0.102306917309761,0.999999966253253
"30097",0.215317919075144,0.267341047525406,1.24161077105759
"30099",0.0256410256410256,0.0769230797886848,3.00000011175871
"30101",0.0461938841899805,0.0461938828229904,0.999999970407553
"30103",0,0,NA
"30105",0.0722706304459252,0.101486414670944,1.40425528385115
"30107",0.0267175572519084,0.0267175566405058,0.999999977116074
"30109",0.0303030303030303,NA,NA
"30111",0.106347419761929,0.341962546110153,3.21552273553675
"31001",0.299756357545302,0.690954744815826,2.30505451318544
"31003",0.141660319878142,0.1599390655756,1.12903222097184
"31005",0,0,NA
"31007",0,NA,NA
"31009",0,NA,NA
"31011",0.0200400801603206,0.0200400799512863,0.999999989569187
"31013",0.164598301763553,0.235793605446815,1.43253972198045
"31015",0.00614754098360656,0.00614754110574722,1.00000001986821
"31017",0.0425806451612903,0.107096776366234,2.5151515661767
"31019",0.229911705223697,0.477482378482819,2.07680760759111
"31021",0.156084656084656,0.388888895511627,2.49152546615924
"31023",0.302028985507246,0.361739128828049,1.19769673172435
"31025",0.147091108671789,0.397365540266037,2.70149259091313
"31027",0.254405286343612,0.541850209236145,2.1298700865213
"31029",0.0321987120515179,0.0597976073622704,1.85714283436537
"31031",0.06859410430839,0.0731292515993118,1.06611570100154
"31033",0.0974828375286041,0.124942794442177,1.28169016833876
"31035",0.150343642611684,0.196735396981239,1.30857144049236
"31037",0.0162078723951634,0.0455364026129246,2.8095237612133
"31039",0.234746639089969,0.547742128372192,2.33333320764718
"31041",0.0486486486486487,0.200386106967926,4.1190477543407
"31043",0.540824337585868,NA,NA
"31045",0.0472854640980736,0.152364268898964,3.22222213115957
"31047",0.463925438596491,0.566556990146637,1.22122423780131
"31049",0.00863930885529158,NA,NA
"31051",0.0509259259259259,0.198302462697029,3.8939392675053
"31053",0.272432870058022,0.620496571063995,2.27761272320717
"31055",0.128651762446852,0.50327330827713,3.91190372137373
"31057",0.0482954545454545,0.0482954531908035,0.999999971950755
"31059",0.236565420560748,0.399532705545425,1.6888888688735
"31061",0.0281954887218045,NA,NA
"31063",0.0761316872427984,NA,NA
"31065",0.112042682926829,0.140243902802467,1.2517006835159
"31067",0.287880686802857,0.577390670776367,2.00565962652357
"31069",0.0272727272727273,NA,NA
"31071",0.190990990990991,0.19099098443985,0.999999965699214
"31073",0.111111111111111,0.111111111938953,1.00000000745058
"31075",0,NA,NA
"31077",0.0978260869565217,0.125,1.27777777777778
"31079",0.272062742709206,0.703875720500946,2.5871815945533
"31081",0.327875562832583,0.559967279434204,1.70786524801219
"31083",0.058303886925795,0.0583038851618767,0.999999969746127
"31085",0.0655737704918033,0.0655737668275833,0.999999944120646
"31087",0.0285714285714286,NA,NA
"31089",0.110998307952623,0.184771567583084,1.6646340920976
"31091",0,0,NA
"31093",0.0504201680672269,0.118847541511059,2.357142906636
"31095",0.260973282442748,0.424141228199005,1.62522854534756
"31097",0.0555555555555556,0.0737373754382133,1.32727275788784
"31099",0.143320363164721,0.279507130384445,1.95022622195844
"31101",0.154083733699382,0.261839389801025,1.69933180819641
"31103",0,NA,NA
"31105",0.279586973788721,0.291501194238663,1.04261364643885
"31107",0.065439672801636,0.235855489969254,3.60416670609266
"31109",0.185416567313653,0.580865383148193,3.13275880124343
"31111",0.0914219023536277,0.221941262483597,2.42765963920887
"31113",0,0,NA
"31115",0,NA,NA
"31117",0,NA,NA
"31119",0.305708144256031,0.614568889141083,2.01031245221384
"31121",0.321043675553035,0.560408413410187,1.74558309689427
"31123",0.105131414267835,0.133917391300201,1.27380947201025
"31125",0.0323974082073434,NA,NA
"31127",0.0232198142414861,0.0510835908353329,2.19999997864167
"31129",0.0190239867659222,0.0488006621599197,2.56521741527578
"31131",0.367444768653606,0.498332649469376,1.35621103355307
"31133",0.0544354838709677,0.129032254219055,2.37037029972783
"31135",0.0845588235294118,0.0845588222146034,0.999999984450962
"31137",0.0712960508878876,0.145242512226105,2.03717471609328
"31139",0.117063492063492,0.210978835821152,1.80225988565865
"31141",0.427504833011133,NA,NA
"31143",0.0240103828682674,0.0655418559908867,2.72972973194477
"31145",0.151190476190476,0.28571429848671,1.88976386400658
"31147",0.166257969592938,0.245218247175217,1.47492627135772
"31149",0.0269541778975741,0.0269541777670383,0.999999995157123
"31151",0.535415680706736,NA,NA
"31153",0.182352593642916,0.646697402000427,3.54641186659946
"31155",0.270114942528736,0.718390822410583,2.65957453403067
"31157",0.145122319540924,0.388855338096619,2.67950057115069
"31159",0.176907369593466,0.331538885831833,1.87408182368949
"31161",0.0180360721442886,0.0310621242970228,1.72222222491271
"31163",0.0600414078674948,0.101449273526669,1.68965514184072
"31165",0,NA,NA
"31167",0.197707736389685,0.257879644632339,1.30434776777806
"31169",0.244157135753357,0.31327697634697,1.28309572186101
"31171",0,0,NA
"31173",0.179071481208548,0.216654390096664,1.20987657350277
"31175",0.0356871678056188,0.101746395230293,2.85106388336801
"31177",0.289013296011197,0.652904152870178,2.25907998656534
"31179",0.301132075471698,0.355849057435989,1.18170426341525
"31181",0.0411585365853659,0.0411585383117199,1.00000004194401
"31183",0,0,NA
"31185",0.196629213483146,0.311945587396622,1.58646613018853
"32001",0.165432098765432,0.291737884283066,1.76349019603943
"32003",0.125502542406009,0.571067094802856,4.55024323694906
"32005",0.196544276457883,0.451035141944885,2.29482715077453
"32007",0.0330763345300453,0.108998879790306,3.2953736059023
"32009",0,0,NA
"32011",0,0,NA
"32013",0.098547062539482,0.13160665333271,1.33547007836975
"32015",0,0,NA
"32017",0,0,NA
"32019",0.287368150244404,0.728711068630219,2.5358101376595
"32021",0,0,NA
"32023",0.136259791122715,0.433420360088348,3.18083828337892
"32027",0.0445468509984639,0.0445468500256538,0.999999978162091
"32029",0,0,NA
"32031",0.158576785558559,0.623830676078796,3.93393442729628
"32033",0.0477815699658703,0.0477815717458725,1.0000000372529
"32510",0.256826276216858,0.849843919277191,3.30902247151535
"33001",0.247779018398951,0.684741973876953,2.76351879308216
"33003",0.116350487889445,0.338253498077393,2.90719449667283
"33005",0.262550670408481,0.69930362701416,2.66349968151355
"33009",0.140991258419146,0.379798144102097,2.69377086466605
"33011",0.232337511922605,0.874687731266022,3.76472883792176
"33013",0.189710666875446,0.632966220378876,3.33648197438707
"33015",0.20421241873116,0.788038492202759,3.85891561883996
"33017",0.216167341430499,0.68035089969635,3.14733435307152
"33019",0.370413609072715,0.828052043914795,2.23547953863715
"34001",0.084643605870021,0.326599329710007,3.858523350382
"34003",0.144701310251932,0.629346311092377,4.3492785932391
"34005",0.166819855631597,0.590054631233215,3.53707674065061
"34007",0.148752734736225,0.581427454948425,3.90868413935004
"34009",0.108708357685564,0.460120797157288,4.23261658030172
"34011",0.272018706157444,0.9068483710289,3.33377209177673
"34013",0.127129162990324,0.549934923648834,4.32579677796423
"34015",0.209293206548378,0.809001564979553,3.86539810976882
"34017",0.087209728067266,0.376678317785263,4.3192236248544
"34019",0.239339397458228,0.75790810585022,3.16666672473969
"34021",0.0823205723663746,0.327190607786179,3.97459102118471
"34023",0.150132349006538,0.638698875904083,4.25423887743386
"34025",0.109480591185154,0.472040086984634,4.31163260880022
"34027",0.151131052533184,0.621393978595734,4.11162344323179
"34029",0.125257003612857,0.502957105636597,4.0154010644477
"34031",0.219379336042158,0.954695224761963,4.3518010492041
"34033",0.222529479286236,0.439163088798523,1.97350521920574
"34035",0.132150683015525,0.414745450019836,3.13842834978849
"34037",0.137898987309319,0.495545446872711,3.59353941998979
"34039",0.193516686764308,0.760832369327545,3.93161118066368
"34041",0.229419492055549,0.639559626579285,2.78773011329146
"35001",0.149699034921898,0.533114433288574,3.56124161766783
"35003",0.0760456273764259,0.0760456249117851,0.999999967589974
"35005",0.185091382024779,0.421863228082657,2.27921593900131
"35006",0.111604409063074,0.141457438468933,1.26748969558172
"35007",0.104866180048662,0.263017028570175,2.50812062047197
"35009",0.0897753551370994,0.273042619228363,3.04139837499266
"35011",0.116719242902208,0.116719245910645,1.00000002577498
"35013",0.184400864961599,0.700121819972992,3.79673826431775
"35015",0.129860031104199,0.30410835146904,2.34181640712087
"35017",0.134151385633531,0.298221439123154,2.22302168341237
"35019",0.0858778625954199,0.0858778655529022,1.00000003443824
"35021",0.2,NA,NA
"35023",0.0279955207166853,0.0358342677354813,1.28000004351139
"35025",0.0922026180990324,0.280022770166397,3.03703708137259
"35027",0.075599381283836,0.303364276885986,4.01278782622589
"35028",0.0466016633209062,0.154430747032166,3.31384624554561
"35029",0.156585641605427,0.340587913990021,2.17509032436226
"35031",0.0766813745153095,0.224495247006416,2.92763723166694
"35033",0.0609756097560976,0.0975609719753265,1.59999994039536
"35035",0.0966442953020134,0.227348998188972,2.3524306062609
"35037",0.0520628683693517,0.101178780198097,1.94339619323892
"35039",0.0991919754806353,0.260100305080414,2.62219099700451
"35041",0.122641509433962,0.286062091588974,2.33250628526394
"35043",0.281205973513666,0.615666389465332,2.18937877375998
"35045",0.148534239474745,0.58469158411026,3.93640945130145
"35047",0.0538124156545209,0.148954123258591,2.76802521215337
"35049",0.113528670173456,0.48795810341835,4.29810463447532
"35051",0.10139679255044,0.128297984600067,1.26530614404046
"35053",0.0721528861154446,0.22230888903141,3.0810810350083
"35055",0.0895210896309315,0.317662566900253,3.54846626878516
"35057",0.0617760617760618,0.115830115973949,1.87500000232831
"35059",0.0555555555555556,0.111111111938953,2.00000001490116
"35061",0.147519316795445,0.429849535226822,2.91385253514198
"36001",0.0973469029016166,0.357049763202667,3.66780814345495
"36003",0.275016960651289,0.526967406272888,1.91612693640762
"36005",0.0954747480534112,0.403410524129868,4.22531121950894
"36007",0.246296072507553,0.699117839336395,2.83852613733805
"36009",0.229109518935517,0.513408422470093,2.24088647584561
"36011",0.253680265087729,0.616926491260529,2.43190573396468
"36013",0.316446594326056,0.968579769134521,3.06080010498242
"36015",0.248904853688453,0.680830538272858,2.73530438713354
"36017",0.290798253562896,0.575829982757568,1.9801700171938
"36019",0.226221383054048,0.500157356262207,2.21091989408761
"36021",0.162790697674419,0.444791346788406,2.73228970170021
"36023",0.267542114338772,0.549807667732239,2.05503222956537
"36025",0.345219751999413,0.527698278427124,1.52858657527806
"36027",0.23056882327399,0.433852702379227,1.8816624737841
"36029",0.174952105167742,0.680792570114136,3.89130824954292
"36031",0.167546709991877,0.323314368724823,1.92969691103155
"36033",0.110317536917286,0.242061570286751,2.19422566031586
"36035",0.196526895383312,0.478187203407288,2.43318962768234
"36037",0.253569249542404,0.686821222305298,2.70861401193066
"36039",0.134104407627384,0.305616348981857,2.27894335755935
"36041",0.143396226415094,0.277987420558929,1.93859648547674
"36043",0.345166163141994,0.705891251564026,2.04507662378724
"36045",0.172964049889949,0.472927361726761,2.73425236069385
"36047",0.128969510125061,0.591903150081635,4.58948126194843
"36049",0.325643896976484,0.577155649662018,1.77235211536514
"36051",0.238160328053389,0.574415028095245,2.41188376246474
"36053",0.165393890675241,0.376959413290024,2.27916165313628
"36055",0.201992836024562,0.668981671333313,3.31190790970411
"36057",0.285365191420038,0.548737466335297,1.92293062655842
"36059",0.106430829191881,0.470618844032288,4.42182822031598
"36061",0.0413274217655278,0.199959740042686,4.8384276468337
"36063",0.274556539222363,0.783263623714447,2.85283179170642
"36065",0.171864562939076,0.571012318134308,3.32245524248489
"36067",0.163100441575326,0.550682544708252,3.37633999877264
"36069",0.251255287046427,0.739592850208282,2.94359119325366
"36071",0.132219924057667,0.495158404111862,3.74496058472929
"36073",0.250558695937952,0.394636511802673,1.57502620424078
"36075",0.223194657596748,0.522958219051361,2.34305885580919
"36077",0.0956488920040977,0.19895401597023,2.08004517147681
"36079",0.192082968156588,0.673726737499237,3.5074777527907
"36081",0.172250498842259,0.800778925418854,4.64892079152803
"36083",0.14911986989381,0.467497378587723,3.1350441689671
"36085",0.0953242448293571,0.417153000831604,4.37614797346008
"36087",0.160273768784407,0.630868434906006,3.93619267638625
"36089",0.187720163449345,0.481752842664719,2.56633509055471
"36091",0.159201314473496,0.537183880805969,3.37424274782228
"36093",0.162782622903944,0.397132396697998,2.43964859155968
"36095",0.0587159319553686,0.215108841657639,3.66355151820034
"36097",0.0348307291666667,0.15787760913372,4.53271042297934
"36099",0.204969778374748,0.35983881354332,1.75557009621888
"36101",0.274528741757144,0.403650164604187,1.4703384498854
"36103",0.179317796531232,0.859224259853363,4.79162847455418
"36105",0.089892084298548,0.279563814401627,3.10999368390596
"36107",0.308811155186921,0.538886904716492,1.74503704178143
"36109",0.100215073445294,0.24024161696434,2.39726029932499
"36111",0.160702694780041,0.495634317398071,3.08416929832111
"36113",0.196680622009569,0.551226079463959,2.80264559788274
"36115",0.397476644515073,0.889434635639191,2.23770288874284
"36117",0.361659882855157,NA,NA
"36119",0.112376420830029,0.504959046840668,4.49346084446332
"36121",0.27410755679184,0.488062113523483,1.78054964713768
"36123",0.171309456130377,0.348682969808578,2.0353982651326
"37001",0.368652897093767,NA,NA
"37003",0.605289297243606,NA,NA
"37005",0.410804508356005,0.832491278648376,2.0264901229539
"37007",0.420408908360716,0.920226335525513,2.18888400608283
"37009",0.353490041270411,0.658891081809998,1.86395939031833
"37011",0.137489025460931,0.356453031301498,2.59259260953006
"37013",0.275443915114768,0.54778403043747,1.98873164509452
"37015",0.440724694761717,0.448404878377914,1.01742626112737
"37017",0.621407979168604,0.74955826997757,1.20622569246765
"37019",0.20128087831656,0.611505031585693,3.03806817965074
"37021",0.225066609826282,0.753682196140289,3.34870728590981
"37023",0.490501309528201,NA,NA
"37025",0.294174197269756,0.757046699523926,2.57346397661695
"37027",0.527781802376123,NA,NA
"37029",0.156716417910448,0.156716421246529,1.00000002128737
"37031",0.162993307177475,0.567274391651154,3.48035389596382
"37033",0.316180674671241,0.421383649110794,1.33273056472835
"37035",0.442250718549635,NA,NA
"37037",0.543168807055547,NA,NA
"37039",0.274278424493701,0.463243514299393,1.68895353382063
"37041",0.287939579891433,0.651640295982361,2.26311470006333
"37043",0.331103678929766,0.949832797050476,2.86868693250598
"37045",0.38543522425379,NA,NA
"37047",0.27779416101445,0.505381882190704,1.81926747612386
"37049",0.201276187665978,0.442128956317902,2.19662823230547
"37051",0.179645911116464,0.451884865760803,2.5154197106543
"37053",0.162321063394683,0.501278102397919,3.08818887650497
"37055",0.140256485849057,0.586011230945587,4.17813997975288
"37057",0.458076374277492,NA,NA
"37059",0.415994840374073,0.872514247894287,2.09741603311642
"37061",0.367734180475659,NA,NA
"37063",0.179808073115004,0.496268093585968,2.75998783029369
"37065",0.480152009583213,0.879301071166992,1.83129728422933
"37067",0.180378349416814,0.580600917339325,3.21879493418406
"37069",0.400413424124514,0.981882274150848,2.45217121852918
"37071",0.344103127613862,NA,NA
"37073",0.158051689860835,0.158051684498787,0.999999966074086
"37075",0.243662700465598,0.695292294025421,2.85350319395146
"37077",0.454811487682047,0.757043719291687,1.66452198283287
"37079",0.25473321858864,0.465863466262817,1.8288288776939
"37081",0.222582364264011,0.866192877292633,3.8915611313447
"37083",0.215248555737822,0.399614870548248,1.856527534777
"37085",0.228054298642534,0.629544854164124,2.76050422163237
"37087",0.199036494423546,0.494555532932281,2.48474800746779
"37089",0.311654694881253,0.811654686927795,2.60433967547658
"37091",0.205740378343118,0.363600790500641,1.76727968242702
"37093",0.558889386475593,0.65405285358429,1.17027245356868
"37095",0.10894495412844,0.108944952487946,0.999999984941984
"37097",0.310705206666039,NA,NA
"37099",0.17907215319731,0.511683583259583,2.85741570715233
"37101",0.311635449070091,NA,NA
"37103",0.113392857142857,0.230357140302658,2.03149604046439
"37105",0.459019303305969,NA,NA
"37107",0.267111148620137,0.584986090660095,2.19004745283775
"37109",0.411423936971382,NA,NA
"37111",0.594586894586895,0.992806255817413,1.66974123522718
"37113",0.245238855197361,0.779019057750702,3.17657272182163
"37115",0.2791170490851,0.467034548521042,1.67325697248486
"37117",0.287596899224806,0.616434097290039,2.14339618734272
"37119",0.120998201006282,0.500129878520966,4.13336623488311
"37121",0.342622031045446,0.861791670322418,2.5152838762085
"37123",0.605595667870036,NA,NA
"37125",0.184432457073393,0.531644105911255,2.88259514809637
"37127",0.152388618842689,0.391962587833405,2.57212507607297
"37129",0.16073645284794,0.597812592983246,3.71920981452035
"37131",0.240614944583482,0.354665726423264,1.47399708292105
"37133",0.137797435369951,0.469005018472672,3.40358307259864
"37135",0.0709917055324378,0.27547687292099,3.88040927957588
"37137",0.147570485902819,0.230953812599182,1.56504067318226
"37139",0.0951856946354883,0.241082072257996,2.53275529669888
"37141",0.267654150878402,0.85566657781601,3.19691129395093
"37143",0.201465201465201,0.201465204358101,1.0000000143593
"37145",0.428027715428906,0.719722867012024,1.68148659787328
"37147",0.217772336869923,0.524173200130463,2.4069778910604
"37149",0.251575630252101,0.520745813846588,2.06993743123988
"37151",0.541313559322034,NA,NA
"37153",0.356565418726945,0.788870573043823,2.21241469759
"37155",0.344050413143427,0.887599289417267,2.57985241554483
"37157",0.460842043279847,NA,NA
"37159",0.327468772367297,0.848514258861542,2.59113030145613
"37161",0.407302188552189,0.94365531206131,2.31684321514614
"37163",0.306773211567732,0.706316590309143,2.3024063499534
"37165",0.462908206846705,0.975425481796265,2.10716826223667
"37167",0.395828623106489,NA,NA
"37169",0.362166091222969,NA,NA
"37171",0.494946950854768,NA,NA
"37173",0.0895204262877442,0.175310835242271,1.95833333812299
"37175",0.292244104060297,0.559688806533813,1.91514148192477
"37177",0,0,NA
"37179",0.487885249079279,NA,NA
"37181",0.256086698337292,0.439801067113876,1.71739129743714
"37183",0.13583031429378,0.571892321109772,4.21034379610473
"37185",0.351473922902494,0.688888907432556,1.96000005275972
"37187",0,0.0713725462555885,Inf
"37189",0.149761874115073,0.454048126935959,3.03180051410869
"37191",0.283563163734348,0.65047287940979,2.29392587825398
"37193",0.330523831598466,0.708458006381989,2.14344001446362
"37195",0.365609055187379,0.905782639980316,2.47746227050118
"37197",0.434578313253012,0.922891557216644,2.12364844050406
"37199",0.409025582063811,0.782983601093292,1.91426559958086
"38001",0,0,NA
"38003",0.161378965775668,0.349987506866455,2.1687306346539
"38005",0.0054249547920434,0.00542495492845774,1.00000002514571
"38007",0,NA,NA
"38009",0.0952921157118548,0.228587627410889,2.39880944717498
"38011",0.0801733477789816,0.148429036140442,1.85135135618416
"38013",0.0247349823321555,NA,NA
"38015",0.105631013016412,0.333248436450958,3.15483518461743
"38017",0.156992351377966,0.532611191272736,3.3925932480013
"38019",0.0409165302782324,0.0507364980876446,1.24000001326203
"38021",0.0829015544041451,0.093264251947403,1.12500003911555
"38023",0.0170454545454545,0.0170454550534487,1.00000002980232
"38025",0.112403100775194,0.22480620443821,2.00000002569166
"38027",0.0243055555555556,0.0486111119389534,2.0000000340598
"38029",0.0602006688963211,0.167224079370499,2.77777776287662
"38031",0.0351002865329513,0.063037246465683,1.79591828706313
"38033",0.0127118644067797,0.0127118639647961,0.999999965230624
"38035",0.107851951749457,0.352888286113739,3.27196940240366
"38037",0,0,NA
"38039",0.131926121372032,0.149076521396637,1.13000003218651
"38041",0,0,NA
"38043",0,0.0206718351691961,Inf
"38045",0.118551042810099,0.149286493659019,1.2592592196608
"38047",0.027190332326284,0.0271903332322836,1.00000003332065
"38049",0.201101928374656,0.402203857898712,2.00000000571551
"38051",0.0632780082987552,0.0632780119776726,1.00000005813896
"38053",0.0519607843137255,0.0519607849419117,1.00000001208962
"38055",0.0366876310272537,0.0744234770536423,2.02857134597642
"38057",0.026541095890411,0.0576484017074108,2.17204300626632
"38059",0.202372445333714,0.514220356941223,2.54096033723004
"38061",0.0266836086404066,0.0533672161400318,1.99999995724786
"38063",0,0.0071326675824821,Inf
"38065",0.0412621359223301,0.0412621349096298,0.999999975456911
"38067",0.387736424649176,0.418852955102921,1.08025175989565
"38069",0.0303030303030303,0.060606062412262,2.00000005960464
"38071",0.0772991850989523,0.157625138759613,2.03915653907391
"38073",0.151421508034611,0.176143392920494,1.16326534589943
"38075",0.0497017892644135,0.0894632190465927,1.79999996721745
"38077",0.354943273905997,0.7913658618927,2.22955587574336
"38079",0.20924488355681,0.242413550615311,1.15851602435715
"38081",0,0,NA
"38083",0,0,NA
"38085",0,NA,NA
"38087",0,NA,NA
"38089",0.162542182227222,0.360067486763,2.2152248839606
"38091",0.21763085399449,0.217630848288536,0.999999973781501
"38093",0.130419415645617,0.235862389206886,1.80849138174169
"38095",0.299852289512555,0.299852281808853,0.999999974308343
"38097",0.177868852459016,0.212295085191727,1.19354840522538
"38099",0.192287374537771,0.303222388029099,1.57692302345902
"38101",0.0682879117947806,0.222469210624695,3.25781247043051
"38103",0,0,NA
"38105",0.0571941907471178,0.176822870969772,3.09162291939034
"39001",0.180699054737305,0.286436587572098,1.58515819570009
"39003",0.225987650496665,0.651611864566803,2.88339589855783
"39005",0.318792285166111,0.805866897106171,2.52787452709611
"39007",0.343248628054109,NA,NA
"39009",0.0981033841576794,0.199702486395836,2.03563300196513
"39011",0.429136690647482,NA,NA
"39013",0.124742733798504,0.285879224538803,2.29175051591046
"39015",0.150599270453361,0.217821776866913,1.44636674673912
"39017",0.23263363436661,0.794215261936188,3.41401734146738
"39019",0.351901140684411,0.713878333568573,2.02863318993555
"39021",0.367096774193548,0.725914001464844,1.97744587393762
"39023",0.238839522405785,0.73221218585968,3.0657077961145
"39025",0.23479496718639,0.719579458236694,3.06471414979463
"39027",0.210594488364822,0.482290416955948,2.29013788870132
"39029",0.285662759242561,0.987592399120331,3.45719687697111
"39031",0.309557328327859,0.486938834190369,1.57301665840274
"39033",0.436903714730361,0.891264617443085,2.03995660232172
"39035",0.166751184537865,0.73652195930481,4.41689191801551
"39037",0.372608015404983,0.911782383918762,2.44702836821092
"39039",0.40977107046937,0.61580765247345,1.50280899959111
"39041",0.160892022319409,0.510254859924316,3.17141181127887
"39043",0.257994432751714,0.684466004371643,2.65302625747103
"39045",0.244931009911252,0.865420758724213,3.53332458408508
"39047",0.306894816305989,0.662103652954102,2.15742859694949
"39049",0.122407635631179,0.497218787670135,4.06199159967671
"39051",0.557167889606834,NA,NA
"39053",0.13149784261352,0.192315593361855,1.46249998889398
"39055",0.408945349614667,NA,NA
"39057",0.123802330599914,0.340246021747589,2.74830061840392
"39059",0.276056958308867,0.698179662227631,2.52911452225186
"39061",0.164469329322507,0.661427915096283,4.02158820626849
"39063",0.33091160698841,0.823955297470093,2.4899558675769
"39065",0.309367900574636,0.545904040336609,1.76457880511397
"39067",0.263988095238095,0.355059534311295,1.34498312884549
"39069",0.438900203665988,0.830052077770233,1.89120914239065
"39071",0.364680545585068,0.73633474111557,2.01912262672045
"39073",0.296263813366076,0.620417475700378,2.09413856066777
"39075",0.469201690015566,NA,NA
"39077",0.46535985394446,0.92639571428299,1.99070827969091
"39079",0.328882385220413,0.465246021747589,1.41462736423474
"39081",0.186162151922713,0.317200213670731,1.70389206610815
"39083",0.337011597793041,0.674867689609528,2.00250583074581
"39085",0.304357050337219,NA,NA
"39087",0.137264870360956,0.36461615562439,2.65629621523398
"39089",0.229019824961138,0.689550876617432,3.01087854177882
"39091",0.37839651123784,0.647377848625183,1.71084518329049
"39093",0.313651810220886,NA,NA
"39095",0.168237441561586,0.595303535461426,3.53847235155145
"39097",0.303090547623351,0.74236398935318,2.44931422366795
"39099",0.170967025646719,0.660641729831696,3.86414706188329
"39101",0.327934714375392,0.681397795677185,2.07784588153475
"39103",0.264861995753715,NA,NA
"39105",0.105709624796085,0.268841773271561,2.54320998480658
"39107",0.2859179470933,0.599477291107178,2.09667597715214
"39109",0.38319970845481,NA,NA
"39111",0.024198086662915,0.0275745633989573,1.13953486418481
"39113",0.182295181408045,0.689949572086334,3.78479324992123
"39115",0.277076761303891,0.320715039968491,1.15749526759026
"39117",0.330976277372263,0.549954354763031,1.66161260598286
"39119",0.268532110091743,0.498715609312057,1.85719171216311
"39121",0.33968253968254,0.397278904914856,1.16955939297364
"39123",0.261559020044543,0.513318479061127,1.96253403523881
"39125",0.441818181818182,0.967013001441956,2.18871255470401
"39127",0.339700669554943,0.563213884830475,1.6579710766198
"39129",0.37748289788181,0.798071384429932,2.1141921631634
"39131",0.381970559793704,0.567529797554016,1.48579460642341
"39133",0.330850675428989,NA,NA
"39135",0.409205548549811,0.66267341375351,1.61941453653785
"39137",0.47662982865254,0.951333284378052,1.99595834584572
"39139",0.290139180404703,0.904896795749664,3.11883694745212
"39141",0.204991507831666,0.395027369260788,1.92704260502915
"39143",0.467231822627975,NA,NA
"39145",0.16811378042934,0.376604706048965,2.24017748626655
"39147",0.320589705147426,0.724637687206268,2.2603273766169
"39149",0.580552289039374,NA,NA
"39151",0.28409529290489,NA,NA
"39153",0.186716438367209,0.772512137889862,4.13735472165868
"39155",0.295918772587072,0.830939471721649,2.80799850735104
"39157",0.301934424235051,0.94865870475769,3.14193622393708
"39159",0.402775361057943,0.556377232074738,1.38135865762329
"39161",0.372647551482905,0.709823608398438,1.90481221619136
"39163",0.0389863547758285,0.499025344848633,12.8000000953674
"39165",0.254747838857181,0.781566023826599,3.06799864262938
"39167",0.282461240310078,0.846062362194061,2.99532198210728
"39169",0.395525974338027,NA,NA
"39171",0.531544551966822,NA,NA
"39173",0.35382063288747,NA,NA
"39175",0.505974210339524,NA,NA
"40001",0.524024872809497,0.540983617305756,1.03236248005812
"40003",0,0.0141025641933084,Inf
"40005",0.207716464782414,0.2691790163517,1.29589638757654
"40007",0.116197183098592,0.255868554115295,2.20202028390133
"40009",0.0683616770500084,0.184879615902901,2.70443359322002
"40011",0.192760575665068,0.225904926657677,1.17194569417659
"40013",0.155516862170088,0.29893696308136,1.92221575789263
"40015",0.0708068689720066,0.246059745550156,3.47508298449738
"40017",0.27018759018759,0.775757551193237,2.87118128058595
"40019",0.209041527948134,0.335552841424942,1.60519703773021
"40021",0.0631214872460009,0.201902285218239,3.19863003910813
"40023",0.0818767249310028,0.110702238976955,1.35205992997697
"40025",0,NA,NA
"40027",0.127894659945942,0.431715250015259,3.37555336710489
"40029",0.425742574257426,0.425742566585541,0.999999981979991
"40031",0.169818589339497,0.365623027086258,2.15302122405053
"40033",0,0,NA
"40035",0.222931338028169,0.367077469825745,1.64659429702683
"40037",0.327434754933164,0.835709750652313,2.55229397020759
"40039",0.173718823675394,0.384787201881409,2.21500004283019
"40041",0.163226032190343,0.319279223680496,1.95605577980463
"40043",0,0,NA
"40045",0.0238805970149254,0.0477611944079399,2.00000001583248
"40047",0.106982202229611,0.310434192419052,2.90173679312361
"40049",0.186474775611266,0.32342928647995,1.73443987488252
"40051",0.33646782250955,0.790674865245819,2.3499271322546
"40053",0.0692695214105793,0.069269523024559,1.0000000233
"40055",0,0,NA
"40057",0.0563991323210412,0.112798266112804,2.00000002607703
"40059",0.113761467889908,0.13027523458004,1.14516133622777
"40061",0.0672527472527473,0.089670330286026,1.3333333424883
"40063",0.0311572700296736,0.0677547007799149,2.17460325360298
"40065",0.145362378408001,0.199616387486458,1.37323281080458
"40067",0.0203644158628081,0.0203644167631865,1.00000004421331
"40069",0.283072546230441,0.28307256102562,1.00000005226638
"40071",0.259961949054011,0.598668217658997,2.3029070978946
"40073",0.124689966178129,0.189177006483078,1.51717906646013
"40075",0,0.0120874010026455,Inf
"40077",0.0878552971576227,0.122093021869659,1.38970586657524
"40079",0.139829954218443,0.287638992071152,2.05706276368939
"40081",0.159337157425112,0.427236020565033,2.68133326506615
"40083",0.151551312649165,0.474741458892822,3.13254600434791
"40085",0.0402955003357958,0.0846205502748489,2.09999998932083
"40087",0.235072406268597,0.810950219631195,3.44978907777287
"40089",0.368150275185451,0.54989230632782,1.49366262472796
"40091",0.115863389722311,0.162144914269447,1.39944908100876
"40093",0.163240628778718,0.298669904470444,1.82962971108931
"40095",0.346166083359847,0.534839332103729,1.54503678382539
"40097",0.362076455256299,0.824283242225647,2.27654471938025
"40099",0.136550692106248,0.154133930802345,1.12876711516348
"40101",0.259816836030611,0.57236647605896,2.20296145855431
"40103",0.0215530903328051,0.0551505535840988,2.55882347879164
"40105",0.209222298692361,0.260839641094208,1.24671052141409
"40107",0.231023102310231,0.269212633371353,1.16530611302171
"40109",0.136853612949488,0.49571231007576,3.62220842688841
"40111",0.219588806396345,0.354083389043808,1.61248378209547
"40113",0.130090829182537,0.322004109621048,2.47522528409152
"40115",0.251128668171558,0.40110045671463,1.59719103213107
"40117",0.0843525938422607,0.204555034637451,2.42499993562698
"40119",0.185616403070424,0.559631109237671,3.0149873609249
"40121",0.103726896273104,0.187152817845345,1.80428437145741
"40123",0.168138643559407,0.285285770893097,1.69672934700642
"40125",0.224135001981992,0.446741044521332,1.99317839949525
"40127",0.112068965517241,0.15919540822506,1.42051287339284
"40129",0,0,NA
"40131",0.378394263547667,NA,NA
"40133",0.274456979289443,0.409833312034607,1.49325155838867
"40135",0.0913127127423413,0.197720885276794,2.16531608073793
"40137",0.203569779966149,0.436144024133682,2.14247922361663
"40139",0.0431844888366628,0.141891896724701,3.28571439762505
"40141",0.0131168019987508,0.0487195514142513,3.71428580067697
"40143",0.173337055952217,0.734324216842651,4.23639488284075
"40145",0.331373435851048,0.983868539333344,2.96906279408465
"40147",0.141398732691856,0.351502001285553,2.48589216178878
"40149",0.163201008191556,0.241965979337692,1.48262551818115
"40151",0.0644158151932474,0.0644158124923706,0.999999958071215
"40153",0.159544560022491,0.599100351333618,3.75506599064966
"41001",0.190931439497405,0.310844033956528,1.62804006911995
"41003",0.301179535422245,0.682321429252625,2.26549731639645
"41005",0.211583269515911,0.79724794626236,3.76801033506294
"41007",0.130057042562527,0.423343569040298,3.2550607079718
"41009",0.378483325719507,0.63750571012497,1.68436934153719
"41011",0.127187795648061,0.391497164964676,3.07810323286034
"41013",0.329424083769634,0.911832451820374,2.76795928635873
"41015",0.19313801079414,0.353122591972351,1.82834332051153
"41017",0.199576962058785,0.78696072101593,3.94314410289567
"41019",0.237597140702364,0.762599587440491,3.20963284821593
"41021",0.0170807453416149,0.017080744728446,0.999999964101748
"41023",0.212180746561886,0.371971189975739,1.75308644164492
"41025",0.0407876230661041,0.0738396644592285,1.81034487691419
"41027",0.152765007224484,0.399316966533661,2.61392954963092
"41029",0.16219410346512,0.639290273189545,3.94151365266508
"41031",0.44514530299617,0.572200953960419,1.28542511874003
"41033",0.210295488185955,0.647058844566345,3.07690312401843
"41035",0.188690729807049,0.569785118103027,3.01967732429504
"41037",0.150038669760247,0.29002320766449,1.93298972943394
"41039",0.212907132440108,0.836925268173218,3.9309404930746
"41041",0.115139995613714,0.319248497486115,2.77269853784924
"41043",0.298491412418963,0.937014162540436,3.13916623244504
"41045",0.191621042608903,0.260057121515274,1.35714281675238
"41047",0.1790418247634,0.7015460729599,3.91833625403996
"41049",0.414317925591883,0.794250309467316,1.91700686938098
"41051",0.141329597087824,0.578119397163391,4.09057556998583
"41053",0.209738472126635,0.582587778568268,2.77768676705396
"41055",0,0,NA
"41057",0.247933884297521,0.67371267080307,2.71730777223905
"41059",0.235244727613968,0.736948668956757,3.13268941851091
"41061",0.235593220338983,0.356920897960663,1.51498798414958
"41063",0.0904392764857881,0.169896647334099,1.87857150052275
"41065",0.132282491114202,0.253438413143158,1.91588781711376
"41067",0.196458137347131,0.829934120178223,4.22448329901334
"41069",0.0526315789473684,0.157894730567932,2.99999988079071
"41071",0.281534102921899,0.889086246490479,3.15800550364273
"42001",0.322039037331817,0.794011771678925,2.46557615579009
"42003",0.12004772401551,0.553371608257294,4.60959683155507
"42005",0.205822527332825,0.549326241016388,2.66893157000303
"42007",0.240562407703987,0.850038468837738,3.53354656261885
"42009",0.320682970474202,0.635475695133209,1.98163218394015
"42011",0.274629737809697,0.95087456703186,3.46238748438366
"42013",0.217043075234281,0.605228364467621,2.78851727388364
"42015",0.32180548790388,0.60339879989624,1.87504198211955
"42017",0.194693462056283,0.860551476478577,4.42003273961918
"42019",0.266752536335591,0.893664717674255,3.35016390078469
"42021",0.148995275462822,0.507897913455963,3.40881891642729
"42023",0.560157790927022,NA,NA
"42025",0.230195093112622,0.547664821147919,2.37913334182139
"42027",0.21181512799722,0.614664673805237,2.90189222845926
"42029",0.15077515600624,0.602564334869385,3.9964431198761
"42031",0.260012005831404,0.699339687824249,2.68964383236101
"42033",0.16911849433455,0.413789123296738,2.44674081876688
"42035",0.293776693105552,0.607382535934448,2.06749735492536
"42037",0.350380492594714,0.858481287956238,2.45014007942858
"42039",0.301478410800103,NA,NA
"42041",0.132693340608561,0.424475461244583,3.19892060368548
"42043",0.123422606823686,0.398444920778275,3.22829772464188
"42045",0.13208632956664,0.477965801954269,3.61858644662487
"42047",0.485933503836317,NA,NA
"42049",0.278516836414784,0.990128636360168,3.55500460620488
"42051",0.146083254221685,0.414055973291397,2.83438355407291
"42053",0.20242214532872,0.202422142028809,0.999999983697875
"42055",0.26482495832341,0.789973795413971,2.98300356739502
"42057",0.568152315015145,0.695153594017029,1.22353385816706
"42059",0.116952789699571,0.240104913711548,2.05300715210241
"42061",0.293275091426249,0.566233217716217,1.93072386394127
"42063",0.160302606575598,0.392169505357742,2.44643249249224
"42065",0.332326751838947,0.942934572696686,2.83737185609918
"42067",0.44732771953944,NA,NA
"42069",0.174630053900898,0.54122257232666,3.09925216328344
"42071",0.307376054655417,NA,NA
"42073",0.228041424038495,0.745353758335114,3.26850159561051
"42075",0.293071832894842,0.907172679901123,3.0953936137105
"42077",0.173137606341353,0.616211831569672,3.55908715957854
"42079",0.202174017526715,0.686754047870636,3.39684622322891
"42081",0.301442235998381,0.810038149356842,2.6872085349088
"42083",0.348027543599974,0.746701836585999,2.14552511810463
"42085",0.227776404216583,0.687599718570709,3.01874867563937
"42087",0.393521295740852,0.742851436138153,1.88770326835717
"42089",0.17496644769372,0.46158555150032,2.63813752627777
"42091",0.160663957428943,0.702741861343384,4.37398575629003
"42093",0.108835040386377,0.120576232671738,1.10788062597926
"42095",0.230340667139815,0.84475988149643,3.66743698360336
"42097",0.301873137505321,0.702937424182892,2.32858554421889
"42099",0.260974433188616,0.67727929353714,2.59519403974582
"42101",0.08205860567909,0.319347858428955,3.89170466383309
"42103",0.108068697342839,0.265554130077362,2.45727150050597
"42105",0.173913043478261,0.368145823478699,2.11683848500252
"42107",0.320289922625151,0.916775405406952,2.86232984757342
"42109",0.375390042056709,0.977818489074707,2.60480667978665
"42111",0.278058007566204,0.749144315719604,2.69420155267867
"42113",0.21423487544484,0.521708190441132,2.43521597199266
"42115",0.171640587191483,0.430391997098923,2.50751878760923
"42117",0.291930155733837,0.430014163255692,1.47300357571744
"42119",0.24575114750031,0.573502063751221,2.3336699323062
"42121",0.266662782568166,0.617629945278168,2.31614603031559
"42123",0.25672506552628,0.46778866648674,1.82213865844298
"42125",0.33340418349358,NA,NA
"42127",0.138723594168402,0.517331123352051,3.72922231761124
"42129",0.228990122736625,0.855869233608246,3.73758144403736
"42131",0.379388313697489,0.450315356254578,1.18695104724191
"42133",0.333392517438174,NA,NA
"44003",0.186757878599424,0.629304468631744,3.36962742001121
"44005",0.162168592794018,0.355200529098511,2.19031640454374
"44007",0.193160088906727,0.764400959014893,3.95734420780891
"44009",0.233400296045676,0.604831874370575,2.59139291859429
"45001",0.579404466501241,0.981035113334656,1.69317837547694
"45003",0.429095942023414,0.646642684936523,1.50698858135843
"45005",0.575342465753425,0.755314111709595,1.31280786082858
"45007",0.365377625935887,NA,NA
"45009",0.317256162915327,0.43729904294014,1.37837840224037
"45011",0.527669902912621,0.629288017749786,1.19257894808147
"45013",0.125486542443064,0.552008271217346,4.39894398610754
"45015",0.299476057832604,0.788665592670441,2.6334846210353
"45017",0.379916705229061,0.444238781929016,1.16930573416395
"45019",0.125748842483228,0.473306238651276,3.76390135530993
"45021",0.450124015960315,0.891620814800262,1.98083368846259
"45023",0.51007556675063,0.850125968456268,1.66666671346735
"45025",0.511140035219355,0.975116789340973,1.9077292369057
"45027",0.245791824115424,0.348162144422531,1.41649196703562
"45029",0.250867743865949,0.6744464635849,2.68845429544458
"45031",0.298807529319011,0.507588446140289,1.69871370810868
"45033",0.312386863201448,0.379234552383423,1.21399007786978
"45035",0.272231204527082,0.786782562732697,2.8901262957694
"45037",0.40143226576487,0.576486945152283,1.4360752593065
"45039",0.364345302865433,0.42364889383316,1.1627675463395
"45041",0.242472462384413,0.55259108543396,2.27898492059642
"45043",0.18762702622317,0.46363952755928,2.47107006326377
"45045",0.273745525631035,0.956627786159515,3.4945878437805
"45047",0.394431068774207,0.794654369354248,2.01468502931028
"45049",0.306526806526807,0.702331006526947,2.29125476654038
"45051",0.132866492745663,0.490033864974976,3.68816738402971
"45053",0.230493915533286,0.678835570812225,2.94513444852385
"45055",0.375955240174672,0.881618440151215,2.34500904879423
"45057",0.342417136700678,0.621142029762268,1.81399224275751
"45059",0.367537185550757,0.761738300323486,2.07254756870931
"45061",0.210569777043765,0.237407103180885,1.12745098804726
"45063",0.210313447927199,0.736030519008636,3.49968357355549
"45065",0.36283185840708,0.413274347782135,1.13902442193613
"45067",0.417070217917676,0.607748210430145,1.45718438843338
"45069",0.576573705179283,0.722231090068817,1.25262578501432
"45071",0.463811876658432,0.720193982124329,1.55277175589599
"45073",0.36581970066133,0.83247971534729,2.27565577753831
"45075",0.344325098460437,0.66140353679657,1.92086937534867
"45077",0.367683806708197,NA,NA
"45079",0.133767594731703,0.443845719099045,3.31803618050594
"45081",0.371107266435986,0.391003459692001,1.05361305222367
"45083",0.305847203714235,0.944617509841919,3.08852753391368
"45085",0.403765439501139,0.854688823223114,2.11679539556209
"45087",0.466041489059392,0.843279361724854,1.80945126457912
"45089",0.282059138961238,0.469281435012817,1.66376965036864
"45091",0.250555405039285,0.708461999893188,2.82756622145951
"46003",0.05,NA,NA
"46005",0.153166666666667,0.36433333158493,2.37867245866113
"46007",0.0964467005076142,0.16074450314045,1.66666669045624
"46009",0.0325097529258778,0.0728218480944633,2.24000004738569
"46011",0.393472184654224,0.596609890460968,1.51626954516558
"46013",0.154190079149296,0.327714323997498,2.12539176194459
"46015",0.0315664085765337,0.127456814050674,4.03773567530344
"46017",0,NA,NA
"46019",0.115384615384615,0.275553226470947,2.38812796274821
"46021",0,0,NA
"46023",0.0469395418700713,0.0829891115427017,1.76800003230572
"46025",0.242622950819672,0.324590176343918,1.33783788898507
"46027",0.0673190984578885,0.102906286716461,1.52863435598197
"46029",0.286149162861492,0.604742467403412,2.1133819206598
"46031",0,0,NA
"46033",0.183213920163767,0.342886388301849,1.87150838754697
"46035",0.221293570139614,0.436508685350418,1.97253216654702
"46037",0.168831168831169,0.206425160169601,1.22267210254302
"46039",0.304093567251462,0.466861605644226,1.53525643394544
"46041",0.0287049399198932,0.0287049394100904,0.999999982239895
"46043",0.141614906832298,0.316770195960999,2.23684217323337
"46045",0.0479651162790698,0.0610465109348297,1.27272725827766
"46047",0,0,NA
"46049",0.0216049382716049,0.0216049384325743,1.00000000745058
"46051",0.146165884194053,0.208137720823288,1.42398290798802
"46053",0.0854853072128228,0.180765807628632,2.11458335382243
"46055",0,0,NA
"46057",0.257173219978746,0.444208294153214,1.72727274709989
"46059",0.0867052023121387,0.124277457594872,1.43333334426085
"46061",0.165680473372781,0.165680468082428,0.99999996806894
"46063",0,NA,NA
"46065",0.0587096774193548,0.205483868718147,3.49999996168273
"46067",0.149614395886889,0.353213369846344,2.36082475722041
"46069",0.0242537313432836,0.0242537315934896,1.00000001031619
"46071",0,0,NA
"46073",0.0146163215590743,0.014616321772337,1.00000001459072
"46075",0,NA,NA
"46077",0.256022023399862,0.28905713558197,1.12903230645323
"46079",0.306184428492546,0.48978465795517,1.59963934275349
"46081",0.113098607494622,0.330804944038391,2.9249249956868
"46083",0.272458045409674,0.894702196121216,3.28381639373475
"46085",0.0515021459227468,NA,NA
"46087",0.233576642335766,0.283049464225769,1.21180551871657
"46089",0.0880149812734082,0.146067410707474,1.65957441101683
"46091",0.251086956521739,0.286956518888474,1.14285713150388
"46093",0.142830153032307,0.462875485420227,3.2407406671022
"46095",0.04,NA,NA
"46097",0.0268041237113402,0.0371134020388126,1.3846153837557
"46099",0.15179138642116,0.469864577054977,3.09546271453963
"46101",0.0524899057873486,0.0868102312088013,1.65384619969588
"46103",0.166674653759525,0.543537616729736,3.2610694215927
"46105",0.207718501702611,0.241770714521408,1.16393442346099
"46107",0.0606826801517067,0.156763583421707,2.58333321847022
"46109",0.0963503649635036,0.135279804468155,1.40404039485888
"46111",0.0617283950617284,0.250440925359726,4.05714299082756
"46113",0.0153217568947906,0.0153217567130923,0.999999988141159
"46115",0.0469157254561251,0.0686359703540802,1.46296299773234
"46117",0.444285714285714,0.891428589820862,2.00643090956464
"46119",0.0433070866141732,0.0433070883154869,1.00000003928488
"46121",0.0079428117553614,NA,NA
"46123",0.0380601596071209,0.0454266406595707,1.19354834894259
"46125",0.108616504854369,0.219660192728043,2.02234635539561
"46127",0.219892781926096,0.366551786661148,1.66695688439806
"46129",0.0118069815195072,0.0195071864873171,1.65217388162146
"46135",0.264875049583499,0.471638232469559,1.78060649053651
"46137",0,0,NA
"47001",0.273084042947057,0.525262236595154,1.9234453647553
"47003",0.472110215053763,0.844674050807953,1.78914588982524
"47005",0.273976444195177,0.355580478906631,1.2978505504412
"47007",0.311653116531165,0.340108394622803,1.09130432709404
"47009",0.309957391375146,0.699487090110779,2.25672014791278
"47011",0.36328103343128,0.781476974487305,2.15116370680313
"47013",0.247418181818182,0.397818177938461,1.60787770330801
"47015",0.248734634851772,0.38828632235527,1.56104646458529
"47017",0.383064516129032,0.70773595571518,1.84756333702489
"47019",0.293286963852882,0.599430918693542,2.04383758084191
"47021",0.303159895462105,0.861249685287476,2.84090903242554
"47023",0.244385733157199,0.556142687797546,2.27567575493374
"47025",0.487865416436845,NA,NA
"47027",0.33355091383812,0.344647526741028,1.03326812322359
"47029",0.363450659962288,0.543054699897766,1.49416347174638
"47031",0.281465642919623,0.678880333900452,2.41194742938596
"47033",0.410477453580902,0.475464195013046,1.15831988058106
"47035",0.220489977728285,0.468200951814651,2.12345684206847
"47037",0.121989543979352,0.481907606124878,3.95040091474108
"47039",0.354714560615779,0.56061577796936,1.58047015886841
"47041",0.520243710691824,0.940644681453705,1.80808467670436
"47043",0.368533171028606,0.708764433860779,1.92320390558755
"47045",0.388311279143037,0.808364868164062,2.08174449618883
"47047",0.417032079390722,0.781675517559052,1.87437743087071
"47049",0.194316163410302,0.452930718660355,2.33089574593948
"47051",0.309855740089708,0.586495339870453,1.89280127487925
"47053",0.426117091874355,0.824509680271149,1.93493688939909
"47055",0.432276657060519,0.710134506225586,1.64277782440186
"47057",0.576510930132876,0.831118702888489,1.44163563854189
"47059",0.363222842731039,0.918798387050629,2.52957214954397
"47061",0.186031746031746,0.190476194024086,1.02389080405439
"47063",0.477442213598785,NA,NA
"47065",0.225855110277631,0.78510570526123,3.47614762533443
"47067",0.0567951318458418,0.0567951314151287,0.999999992416373
"47069",0.306389157792836,0.56824779510498,1.85466026016886
"47071",0.363699222126188,0.653241157531738,1.79610270737695
"47073",0.535295884650045,0.861920475959778,1.61017579375427
"47075",0.418314873417722,0.469738930463791,1.12293145741131
"47077",0.441246332262121,0.812072098255157,1.84040532210645
"47079",0.288344203660846,0.535030484199524,1.85552710062046
"47081",0.347560975609756,0.884908556938171,2.5460526901379
"47083",0.236248872858431,0.280432820320129,1.18702289211841
"47085",0.498832866479925,0.708216607570648,1.41974728443269
"47087",0.579577464788732,0.62605631351471,1.08019436839719
"47089",0.285587626834795,0.429415822029114,1.50362194184806
"47091",0.352701702442635,0.505921542644501,1.43441763717255
"47093",0.134886872124535,0.500940084457397,3.7137793809534
"47095",0.0137741046831956,0.0137741044163704,0.99999998062849
"47097",0.499024390243902,0.574146330356598,1.15053761215154
"47099",0.361441013460016,0.758511483669281,2.09857613115948
"47101",0.287473233404711,0.342077076435089,1.18994409456377
"47103",0.429713621165867,0.597034454345703,1.38937754108393
"47105",0.340287566957993,0.591861665248871,1.73929853076864
"47107",0.463514830803509,0.880448400974274,1.89950427141243
"47109",0.370448474623928,0.637846171855927,1.72182156372342
"47111",0.334697456883952,0.701256930828094,2.09519647193267
"47113",0.280226325193568,0.663549721240997,2.367906444131
"47115",0.328164903319956,0.428675651550293,1.30628122390145
"47117",0.515553086811617,0.757260739803314,1.46883174434375
"47119",0.359920783965582,0.560248553752899,1.55658850144779
"47121",0.515805705474171,0.521973788738251,1.01195815245667
"47123",0.447597665020207,NA,NA
"47125",0.219677131593335,0.533682465553284,2.42939472890256
"47127",0.0724043715846995,0.0942622944712639,1.30188678401821
"47129",0.312967581047382,0.548628449440002,1.75298811335013
"47131",0.536436262591177,0.773115694522858,1.44120699594102
"47133",0.379331306990881,0.428267478942871,1.12900641484138
"47135",0.567247820672478,0.691780805587769,1.21953893937866
"47137",0.442168674698795,0.509638547897339,1.15258854156619
"47139",0.242018537590113,0.266735315322876,1.10212762203622
"47141",0.333118116217243,0.791530549526215,2.3761257974034
"47143",0.584549661801353,0.784976840019226,1.34287450890013
"47145",0.22000942729201,0.392293184995651,1.78307443378313
"47147",0.461700234570897,0.854485154151917,1.8507358025193
"47149",0.282685612386425,0.750672280788422,2.65550225372726
"47151",0.490640952921157,0.936093807220459,1.90789986373372
"47153",0.358771060455897,0.411298304796219,1.14640881088228
"47155",0.121863799283154,0.381596237421036,3.13133383060203
"47157",0.123046369052759,0.511757016181946,4.15905824870394
"47159",0.420356768100735,0.526967465877533,1.25361955811605
"47161",0.478966346153846,0.733774065971375,1.53199503861527
"47163",0.295397050166266,0.615455627441406,2.08348603039534
"47165",0.304118812956477,0.980125427246094,3.22283721193651
"47167",0.396918643316338,0.729550004005432,1.83803410671237
"47169",0.0310981535471331,0.0680272132158279,2.18750007497147
"47171",0.364127764127764,0.557985246181488,1.53238863155105
"47173",0.574291300097752,0.67253178358078,1.17106385464364
"47175",0,0,NA
"47177",0.489895178197065,0.832368969917297,1.69907565324611
"47179",0.209952824280883,0.535423517227173,2.55020869121942
"47181",0.406417112299465,0.881207048892975,2.16823313346035
"47183",0.281140861466822,0.619091987609863,2.20207046524585
"47185",0.504811613113684,NA,NA
"47187",0.113694339074003,0.359349191188812,3.16066036458432
"47189",0.347207421801542,0.798125743865967,2.29870012491312
"48001",0.066481223922114,0.176448777318001,2.65411445380005
"48003",0.173852573018081,0.222531288862228,1.27999997353554
"48005",0.244579417054053,0.534287929534912,2.18451714363532
"48007",0.0888447346011922,0.264547258615494,2.97763575751561
"48009",0.0396301188903567,0.0713342130184174,1.79999997516473
"48011",0.342948717948718,0.342948704957962,0.999999962120413
"48013",0.133411646249371,0.337640553712845,2.5308176849998
"48015",0.380403014920781,0.766497433185577,2.01496150955901
"48017",0.166783954961295,0.328641802072525,1.9704641381648
"48019",0.1715438950555,0.631180644035339,3.67941187199424
"48021",0.214239565835379,0.709781646728516,3.31302784320385
"48023",0.0805647840531561,0.0955149531364441,1.18556704717813
"48025",0.104395604395604,0.236024841666222,2.26086953596065
"48027",0.143288776184631,0.468767285346985,3.27148641944549
"48029",0.141728158114313,0.562795341014862,3.9709493759238
"48031",0.194038573933372,0.475160717964172,2.44879514589367
"48035",0.247204010798303,0.397994607686996,1.6099844270396
"48037",0.171094040810802,0.40519779920578,2.36827534895767
"48039",0.391447900818956,NA,NA
"48041",0.173454930055277,0.541896998882294,3.1241371963864
"48043",0.0765194578049847,0.223436817526817,2.92000000962189
"48045",0.0538922155688623,0.0538922138512135,0.999999968128072
"48047",0,0,NA
"48049",0.294460395203513,0.424674898386002,1.4422139795489
"48051",0.20352323838081,0.291229397058487,1.43093928425791
"48053",0.209358974358974,0.681282043457031,3.25413345925588
"48055",0.150567465321564,0.292559891939163,1.94304852854067
"48057",0.566205533596838,NA,NA
"48059",0.111785095320624,0.182842284440994,1.63565888561944
"48061",0.14187738684383,0.494339376688004,3.48427179048725
"48063",0.170301142263759,0.377639323472977,2.21747968600291
"48065",0,0,NA
"48067",0.159983880717308,0.260124921798706,1.62594456786773
"48069",0.148841354723708,0.17825311422348,1.19760475544159
"48071",0.231135282121006,0.484251081943512,2.09509806334972
"48073",0.319926714360496,0.931600093841553,2.91191717360564
"48075",0.0294573643410853,0.0503875985741615,1.71052637264917
"48077",0.0560949298813377,0.0668824166059494,1.19230769603298
"48079",0.0417827298050139,0.0417827293276787,0.999999988575776
"48081",0.039568345323741,0.0395683459937572,1.00000001693314
"48083",0.122549019607843,0.228991597890854,1.86857143878937
"48085",0.159792342275943,0.632098495960236,3.95574961201002
"48087",0,0,NA
"48089",0.21243830207305,0.545113503932953,2.56598503477733
"48091",0.265317836131439,0.830822229385376,3.13142245353525
"48093",0.101119402985075,0.215298503637314,2.12915125368266
"48095",0,0,NA
"48097",0.331062782109151,0.681001245975494,2.05701541452935
"48099",0.133042674065266,0.391465187072754,2.94240317870276
"48101",0,0,NA
"48103",0.0398633257403189,0.0398633256554604,0.999999997871263
"48105",0.0884955752212389,NA,NA
"48107",0.0520291363163371,0.0520291365683079,1.00000000484288
"48109",0,0,NA
"48111",0.0465116279069767,0.104039169847965,2.23684215173125
"48113",0.143273928409012,0.664677262306213,4.63920595803533
"48115",0.11255230125523,0.302092045545578,2.68401482845328
"48117",0.265295629820051,0.731105387210846,2.75581391109515
"48119",0.024232633279483,0.0823909565806389,3.40000014156103
"48121",0.160916363163371,0.604627370834351,3.7574014161661
"48123",0.263131313131313,0.430050492286682,1.63435695725073
"48125",0,NA,NA
"48127",0.0647530040053405,0.0647530034184456,0.999999990936407
"48129",0.0151898734177215,0.0151898730546236,0.999999976096054
"48131",0.0372093023255814,0.0372093021869659,0.99999999627471
"48133",0.35377271892785,0.613915920257568,1.73533991574622
"48135",0.204134992495037,0.702391922473907,3.4408207720241
"48137",0,NA,NA
"48139",0.412776674233825,NA,NA
"48141",0.1724017071109,0.61320436000824,3.55683461773256
"48143",0.199642744562362,0.408952414989471,2.04842112287095
"48145",0.154882154882155,0.184764310717583,1.19293478876352
"48147",0.214431082331175,0.323404252529144,1.50819670830028
"48149",0.237004266076789,0.527413487434387,2.22533330798149
"48151",0,0,NA
"48153",0.078740157480315,0.195975497364998,2.48888881653547
"48155",0,0,NA
"48157",0.205610405892493,0.793991804122925,3.86163239489968
"48159",0.0454908220271349,0.0544692724943161,1.19736839360312
"48161",0.0668096843395648,0.141893967986107,2.12385329146177
"48163",0.0666666666666667,0.150746271014214,2.2611940652132
"48165",0.101331043366252,0.287677109241486,2.83898299755686
"48167",0.147599097647438,0.52047872543335,3.5263001856325
"48169",0.0307396733909702,0.03746397793293,1.21875003213063
"48171",0.159569892473118,0.491899639368057,3.08265946504241
"48173",0,NA,NA
"48175",0.0456226880394575,0.0653514191508293,1.43243245760331
"48177",0.278952668680765,0.751258790493011,2.69314071826556
"48179",0.216736531594473,0.308181971311569,1.42191982608726
"48181",0.259286512413812,0.715831339359283,2.7607735269193
"48183",0.229716243637936,0.663018524646759,2.88625007159601
"48185",0.491253344309529,0.946902632713318,1.92752404371764
"48187",0.367800591613015,0.860622942447662,2.33991723252358
"48189",0.273477727829996,0.604495286941528,2.21040042908834
"48191",0.0264227642276423,0.0264227651059628,1.00000003324105
"48193",0.248826291079812,0.380803346633911,1.53039835534006
"48195",0.0308582449373192,0.0395371280610561,1.2812500562286
"48197",0,0,NA
"48199",0.283449825262107,0.774088859558105,2.73095550100376
"48201",0.167244034337462,0.802213907241821,4.79666680141864
"48203",0.207992490277592,0.511868059635162,2.4609929856218
"48205",0.121481481481481,0.121481478214264,0.999999973105221
"48207",0.0183696900114811,0.049368541687727,2.68749998812564
"48209",0.197709145848705,0.649696052074432,3.28612037286128
"48211",0.0339157245632066,0.120246656239033,3.54545444001754
"48213",0.197707298433321,0.528926253318787,2.67529958433565
"48215",0.128852410771218,0.483094364404678,3.74920703084423
"48217",0.225541967759867,0.434130072593689,1.92483056215908
"48219",0.0896236223747141,0.243085876107216,2.71229693317773
"48221",0.148933663249676,0.404265344142914,2.7143987149849
"48223",0.219257161529245,0.643611788749695,2.93541968828164
"48225",0.262452107279693,0.440613031387329,1.67883213419114
"48227",0.177110618577473,0.35744509100914,2.01820248768869
"48229",0,NA,NA
"48231",0.203234439952167,0.463527143001556,2.28075095495947
"48233",0.418324918324918,0.72631424665451,1.73624428007507
"48235",0.114503816793893,0.156488552689552,1.36666669348876
"48237",0.0211267605633803,0.0297339595854282,1.40740742037694
"48239",0.0620603015075377,0.108040198683739,1.74089065085538
"48241",0.224470831182241,0.323180168867111,1.43974238062464
"48243",0.0861618798955614,NA,NA
"48245",0.21514911425321,0.912898182868958,4.2430952413523
"48247",0.0546075085324232,0.119453921914101,2.18749994505197
"48249",0.0536274410604068,0.185166448354721,3.45283020582964
"48251",0.282186544342508,0.939946472644806,3.33094008729181
"48253",0.105171815341895,0.199236378073692,1.89438945620564
"48255",0.122268712226871,0.141794517636299,1.15969584576304
"48257",0.29961069023569,0.945023119449615,3.15417022906028
"48259",0.21832884097035,0.571728050708771,2.6186556396661
"48263",0,NA,NA
"48265",0.167274227938648,0.518536329269409,3.09991763620392
"48267",0.341463414634146,0.46428570151329,1.35969384014606
"48271",0.0566801619433198,0.0566801615059376,0.999999992283327
"48273",0.0803897685749086,0.183748036623001,2.2857142131437
"48275",0.0482315112540193,0.0803858488798141,1.66666660010815
"48277",0.313987911681263,0.568459331989288,1.8104497365693
"48279",0.297223174494343,0.357216328382492,1.20184547853717
"48281",0.323592493297587,0.797050952911377,2.46313177660268
"48283",0.0077639751552795,NA,NA
"48285",0.439801335845179,0.824284970760345,1.87422116209878
"48287",0.264332965821389,0.729327440261841,2.75912403886336
"48289",0.318119329117404,0.612867772579193,1.92653421682846
"48291",0.188167337650971,0.451514095067978,2.3995349070915
"48293",0.206795679567957,0.275202512741089,1.33079430535517
"48295",0.0755939524838013,0.105831533670425,1.40000000255448
"48297",0.0910118711136235,0.270209163427353,2.96894416213036
"48299",0.122886473429952,0.379227042198181,3.08599499695424
"48303",0.113441663684776,0.4571133852005,4.02950177520931
"48305",0.0504322766570605,0.050432275980711,0.999999986588955
"48307",0.175285792052259,0.251497000455856,1.43478257713481
"48309",0.212978670466626,0.76916378736496,3.61145923993121
"48313",0.035059331175836,0.100323624908924,2.86153847047916
"48315",0.184323858742463,0.184323862195015,1.0000000187309
"48317",0,NA,NA
"48319",0.103448275862069,0.341379314661026,3.30000004172325
"48321",0.0919319780079274,0.162255465984344,1.76495132053346
"48323",0.0487674883411059,0.0899400413036346,1.84426232236005
"48325",0.182022471910112,0.536874353885651,2.94949490714956
"48327",0.133858267716535,0.165354326367378,1.23529408521512
"48329",0.0820238300811604,0.336858928203583,4.10684221731989
"48331",0.422230725081309,0.527836263179779,1.25011334283675
"48333",0.111751152073733,0.157834097743034,1.41237110145313
"48335",0.0912311780336581,0.100088573992252,1.09708737900246
"48337",0.165957446808511,0.454009830951691,2.73570026342685
"48339",0.138969388095,0.517571032047272,3.72435281713594
"48341",0.535561141505249,0.630193710327148,1.1766979743077
"48343",0.590680100755667,0.720654904842377,1.22004263207857
"48345",0,0,NA
"48347",0.2662952344891,0.541407465934753,2.03310985633471
"48349",0.268033081625315,0.470837831497192,1.75664074241171
"48351",0.0232558139534884,0.0532633140683174,2.29032250493765
"48353",0.223743214538589,0.387774378061295,1.73312240490053
"48355",0.157445369993152,0.612974226474762,3.89325025246168
"48357",0.106693711967546,0.27545639872551,2.58174913634365
"48359",0,0,NA
"48361",0.351091703056769,NA,NA
"48363",0.231352282515073,0.420327305793762,1.81682800456649
"48365",0.355340542591539,0.620375633239746,1.74586223321233
"48367",0.238314883148831,0.811992645263672,3.40722591277092
"48369",0.0161290322580645,0.0249266866594553,1.54545457288623
"48371",0.0623229461756374,0.114730879664421,1.84090911461548
"48373",0.208254716981132,0.490919798612595,2.35730458223941
"48375",0.163251085422287,0.627686738967896,3.84491617525382
"48377",0.0242057488653555,0.031770046800375,1.31250005844049
"48379",0.24295010845987,0.574837327003479,2.36607149775539
"48381",0.160144773259527,0.463274419307709,2.89284757709161
"48383",0.0302158273381295,0.0302158277481794,1.0000000135707
"48385",0.185810810810811,0.185810804367065,0.999999965320934
"48387",0.395553257497415,0.708376407623291,1.79084963705025
"48389",0.0173584905660377,0.0173584911972284,1.00000003636207
"48391",0.0351985559566787,0.0351985543966293,0.999999955678597
"48395",0.194637078132224,0.245030045509338,1.25890733595415
"48397",0.154671469966325,0.441694736480713,2.85569624816315
"48399",0.412065813528336,0.852650821208954,2.06921028926929
"48401",0.17714221116889,0.370223820209503,2.08998079998294
"48403",0.362277580071174,0.455516010522842,1.25736737678702
"48405",0.15124698310539,0.151246979832649,0.999999978361612
"48407",0.189591078066914,0.608736038208008,3.21078420152851
"48409",0.217967735954014,0.633135557174683,2.9047214460596
"48411",0.033203125,0.08984375,2.70588235294118
"48413",0,0,NA
"48415",0.13214709371293,0.528588354587555,3.99999984665448
"48417",0.0364298724954463,0.0564663037657738,1.55000003837049
"48419",0.353374836173001,0.529652714729309,1.49884106198781
"48421",0.0935672514619883,0.0935672521591187,1.00000000745058
"48423",0.183404800502013,0.534591853618622,2.91481930764813
"48425",0.0750264177527298,0.0961606204509735,1.281690147701
"48427",0.0260196905766526,0.0497538670897484,1.91216213517898
"48429",0.263412276462059,0.336877733469009,1.27889913861905
"48431",0,NA,NA
"48433",0,NA,NA
"48435",0.119565217391304,0.255016714334488,2.13286706534299
"48437",0.124702144559174,0.172359019517899,1.38216564059258
"48439",0.190186017189233,0.793116331100464,4.17021368248813
"48441",0.123656667133623,0.389261335134506,3.14792031968541
"48443",0,NA,NA
"48445",0.0527383367139959,0.0527383349835873,0.999999967188789
"48447",0.054380664652568,0.108761332929134,2.0000000666413
"48449",0.419078415521423,0.586257100105286,1.39891981641635
"48451",0.168364898811708,0.500381052494049,2.97200340466248
"48453",0.152070856218716,0.608158111572266,3.99917595451413
"48455",0.125676488274203,0.176187619566917,1.40191392985542
"48457",0.144453642384106,0.151903972029686,1.05157592098487
"48459",0.21864067966017,0.558720648288727,2.5554286108017
"48461",0,NA,NA
"48463",0.0908016877637131,0.192573845386505,2.12081790690528
"48465",0.0793266701735929,0.172225147485733,2.17108756876909
"48467",0.183597002497918,0.534554541110992,2.91156464342087
"48469",0.149689806952483,0.40789520740509,2.72493642492685
"48471",0.122706630336058,0.366303354501724,2.98519610145373
"48473",0.248241024715858,0.643694758415222,2.5930232891683
"48475",0.0633977216443784,0.164437845349312,2.59375007625204
"48477",0.271510339734121,0.69774740934372,2.56987417137408
"48479",0.060853412399307,0.224891498684883,3.69562674988863
"48481",0.197575017445918,0.467812269926071,2.36777035868984
"48483",0.0328006728343146,0.0538267455995083,1.64102565430296
"48485",0.198060882277066,0.528850317001343,2.67014016559584
"48487",0.290266798418972,0.328063249588013,1.1302127951764
"48489",0.0098209127671866,0.0202195271849632,2.05882362101008
"48491",0.18239490623475,0.738235771656036,4.04745827005659
"48493",0.167074829931973,0.527891159057617,3.15960913605333
"48495",0.0399274047186933,NA,NA
"48497",0.16788923528333,0.479644238948822,2.85690883122657
"48499",0.160620326779286,0.383550256490707,2.38793099342749
"48501",0.107520891364903,0.23454038798809,2.18134713180633
"48503",0.213715455475947,0.352302968502045,1.64846743403495
"48505",0.162040510127532,0.466616660356522,2.87962966784835
"48507",0.0450391644908616,0.0835509151220322,1.85507249227469
"49001",0.136792452830189,0.433962255716324,3.17241373144347
"49003",0.571702479338843,0.826247930526733,1.44524111821636
"49005",0.369857558584776,NA,NA
"49007",0.110701673575925,0.186703518033028,1.68654648120542
"49009",0,NA,NA
"49011",0.24795220198516,0.832112669944763,3.35593982744532
"49013",0.105817012569424,0.380882769823074,3.59944739106281
"49015",0.119417796890506,0.236189216375351,1.97783933823459
"49017",0.0765957446808511,0.0765957459807396,1.00000001697077
"49019",0.0953706926557605,0.282631397247314,2.96350366529757
"49021",0.235474318390687,0.564995408058167,2.39939290161042
"49023",0.195163104611924,0.390326201915741,1.99999996255385
"49025",0.141661300708307,0.186091437935829,1.31363637779247
"49027",0.150279776179057,0.159872099757195,1.06382977019282
"49029",0.365269461077844,NA,NA
"49031",0.0927835051546392,NA,NA
"49033",0,NA,NA
"49035",0.161734726585038,0.673169195652008,4.16218093581817
"49037",0.139917695473251,0.264550268650055,1.89075633182245
"49039",0.308845208845209,0.473218679428101,1.53221959051103
"49041",0.132178497458106,0.383731871843338,2.90313386233614
"49043",0.0930772355364707,0.307897627353668,3.30797993278414
"49045",0.244768993118944,0.471001267433167,1.9242685171495
"49047",0.0906540676214381,0.312269300222397,3.44462535896791
"49049",0.177429708563359,0.590538680553436,3.32829651434929
"49051",0.167872648335745,0.480752527713776,2.86379307457085
"49053",0.193259101213495,0.783804535865784,4.05571862305159
"49055",0.287280701754386,0.412280708551407,1.43511452747665
"49057",0.236948297604035,0.67779004573822,2.86049763848009
"50001",0.214989014565872,0.407437533140182,1.89515512670693
"50003",0.222466450717261,0.490050911903381,2.20280815522248
"50005",0.250238473767886,0.550503432750702,2.19991524269499
"50007",0.264882127511323,0.625513851642609,2.36148001950743
"50009",0.663358778625954,0.812213718891144,1.22439582479563
"50011",0.27490871152843,0.56894451379776,2.06957615360589
"50015",0.135672151505744,0.422436088323593,3.11365363956589
"50017",0.329597982910772,NA,NA
"50019",0.259916633050961,0.509883046150208,1.96171764832855
"50021",0.202206875265249,0.53655618429184,2.65350119073844
"50023",0.158571315560478,0.491891473531723,3.10202051230457
"50025",0.160464478376154,0.422785043716431,2.63475784793539
"50027",0.163597701669457,0.479029983282089,2.92809726783297
"51001",0.376061120543294,0.817381143569946,2.17353270231467
"51003",0.145913194015086,0.520135223865509,3.56468945372913
"51005",0.269810267857143,0.378627240657806,1.40330923528188
"51007",0.398230088495575,NA,NA
"51009",0.329215218306893,0.609434247016907,1.85117276823089
"51011",0.395358143257303,0.698679447174072,1.76720641547369
"51013",0.0238616560168015,0.0805040448904037,3.37378281011675
"51015",0.349997083357639,0.809193253517151,2.31199999084075
"51017",0.054176072234763,0.0914221182465553,1.68749993263433
"51019",0.36496734779861,NA,NA
"51021",0.338362068965517,0.338362067937851,0.999999996962821
"51023",0.35956416464891,0.778601706027985,2.16540407131015
"51025",0.234857849196539,0.567367136478424,2.41578954426866
"51027",0.174061433447099,0.409711450338364,2.35383244998315
"51029",0.0856622114216282,0.174969628453255,2.04255325130537
"51031",0.412908659367583,0.965852558612823,2.33914338365327
"51033",0.214677222898904,0.595006108283997,2.77163129021935
"51035",0.394148720032507,0.914465665817261,2.32010309647039
"51036",0.294845360824742,0.546391725540161,1.8531467614474
"51037",0.433039294306335,0.882117092609406,2.03703706385913
"51041",0.201479756881093,0.692754566669464,3.43833334620463
"51043",0.434758312377759,0.69907796382904,1.60796917258621
"51045",0.0377358490566038,0.0377358496189117,1.00000001490116
"51047",0.234408602150538,0.594916939735413,2.53794841263272
"51049",0.164627363737486,0.580645143985748,3.52702692191343
"51051",0.0624737945492662,0.139203354716301,2.22818792616361
"51053",0.266804550155119,0.526163399219513,1.97209305056306
"51057",0.219565217391304,0.276086956262589,1.25742574139397
"51059",0.0752304033397118,0.338754028081894,4.50288730411573
"51061",0.20593460096059,0.763734459877014,3.70862621586925
"51063",0.310793237971391,0.587126135826111,1.88912133242795
"51065",0.336032388663968,0.813765168190002,2.42168670533651
"51067",0.39205620102675,NA,NA
"51069",0.31319878031073,0.74705970287323,2.38525738233099
"51071",0.441471571906354,0.571391820907593,1.29428904887402
"51073",0.167129201356768,0.590502619743347,3.5332103244053
"51075",0.190598290598291,0.844444453716278,4.43049332218854
"51077",0.454268292682927,0.976219534873962,2.14899333851449
"51079",0.116873355881248,0.519729435443878,4.44694542674006
"51081",0.573923166472643,NA,NA
"51083",0.367308384310903,0.515023410320282,1.40215533409754
"51085",0.240180586907449,0.923645615577698,3.84562977162519
"51087",0.123158614756468,0.435395509004593,3.53524201181977
"51089",0.52809062767569,NA,NA
"51091",0.0913838120104439,0.16449086368084,1.80000002256462
"51093",0.0438059349976448,0.195572301745415,4.46451609253242
"51095",0.250411644602516,0.631495773792267,2.52183070317938
"51097",0.362771739130435,0.794836938381195,2.19101118594966
"51099",0.0819027921406412,0.318717688322067,3.89141419958888
"51101",0.366720516962843,0.539256870746613,1.47048459467909
"51103",0.0954258675078864,0.30415353178978,3.18732791991273
"51105",0.202200416294975,0.362771332263947,1.79411763294655
"51107",0.154681519074448,0.621693670749664,4.01918519076893
"51109",0.260558162509262,0.703877508640289,2.70142183173889
"51111",0.418681318681319,0.553846180438995,1.322834709185
"51113",0.283231083844581,0.859918177127838,3.03610100083403
"51115",0.117355371900826,0.34958678483963,2.97887330743628
"51117",0.301473402219671,0.634998083114624,2.10631544421265
"51119",0.218804159445407,0.61308491230011,2.8019801536409
"51121",0.197905268094419,0.372010320425034,1.87973935210027
"51125",0.170120630992886,0.574698448181152,3.37818196903576
"51127",0.262962962962963,NA,NA
"51131",0.145891043397969,0.269929200410843,1.85021091167685
"51133",0.331215970961887,NA,NA
"51135",0.203360080240722,0.386659979820251,1.901356349597
"51137",0.383274771609276,0.700210809707642,1.82691599232485
"51139",0.471814671814672,0.694517374038696,1.47201309227514
"51141",0.457345325701826,0.805941700935364,1.76221698494151
"51143",0.435410931970114,0.880751073360443,2.02280422628639
"51145",0.352997755690927,NA,NA
"51147",0.126963178038802,0.27504289150238,2.16632015479578
"51149",0.18645508642675,0.36157551407814,1.93920971000267
"51153",0.182372212128582,0.826883733272552,4.53404454341737
"51155",0.514386714896416,NA,NA
"51157",0.161476355247982,0.437139570713043,2.70714291291577
"51159",0.14525462962963,0.412615746259689,2.8406374881942
"51161",0.147328640664666,0.342747509479523,2.32641465999573
"51163",0.533100233100233,0.880419552326202,1.65150847375575
"51165",0.509192955293207,NA,NA
"51167",0.327819309686655,0.560839831829071,1.71082000131459
"51169",0.140217072455265,0.162511005997658,1.15899585658162
"51171",0.422304034361098,0.747507274150848,1.77006898662891
"51173",0.46003616636528,0.847558796405792,1.84237427048901
"51175",0.680433140266935,0.943339228630066,1.38638048737601
"51177",0.190182754400034,0.690794765949249,3.6322681734655
"51179",0.168701707526471,0.682962894439697,4.04834606865216
"51181",0,0,NA
"51183",0.21165381319623,0.380891174077988,1.79959514230369
"51185",0.138414589842331,0.302840948104858,2.18792649279116
"51187",0.214258579207294,0.520070910453796,2.42730495263217
"51191",0.212690872073295,0.545436024665833,2.56445431507691
"51193",0.276154171961033,0.437950015068054,1.58588954842895
"51195",0.0799731826453405,0.209462702274323,2.61916176580383
"51197",0.209467184998857,0.482391953468323,2.3029476119181
"51199",0.188482069017367,0.723855376243591,3.84044689246749
"51510",0.0550359358078173,0.190275177359581,3.45728976107561
"51515",0.33972602739726,0.400684922933578,1.17943545863513
"51520",0.414319411683086,0.462605804204941,1.11654388174984
"51530",0.521402550091075,0.521402537822723,0.999999976470481
"51540",0.142864598283015,0.397489756345749,2.78228309268276
"51550",0.182743898553495,0.730402112007141,3.99686182569498
"51570",0.126955791242256,0.190171167254448,1.49793219666179
"51580",0.541342611543185,0.588006556034088,1.08620039046599
"51590",0.349161909609861,0.459404438734055,1.31573469525177
"51595",0.30827239488117,0.308272391557693,0.999999989219026
"51600",0.0539426977687627,0.192951321601868,3.57696833089432
"51610",0.054270462633452,0.211616680026054,3.89929751392271
"51620",0.0152269399707174,0.0163982436060905,1.07692311374614
"51630",0.0740967256304102,0.216033115983009,2.91555550053006
"51640",0.499863797330428,NA,NA
"51650",0.140358659147076,0.38115456700325,2.71557572093828
"51660",0.211670107573617,0.509036898612976,2.40485963959713
"51670",0.334884923713473,0.84419447183609,2.52084943829356
"51678",0.0536940686784599,0.126118630170822,2.34883727895659
"51680",0.28017627589738,0.643096148967743,2.2953269219814
"51683",0.259622566349649,0.748394191265106,2.88262380958518
"51685",0.518878718535469,NA,NA
"51690",0.249536711610966,0.418493181467056,1.67708061377157
"51700",0.31388912543643,0.52456784248352,1.67118832726098
"51710",0.121790584869084,0.399063736200333,3.27663863860493
"51720",0.0272628135223555,0.0447110123932362,1.6399999345839
"51730",0.240484298146046,0.411804765462875,1.71239772674383
"51735",0.116058394160584,0.400729924440384,3.4528301665618
"51740",0.145940579496985,0.425283133983612,2.91408418035231
"51750",0.391933362560281,0.404647082090378,1.03243847231337
"51760",0.135015578952444,0.428629100322723,3.17466401765162
"51770",0.161170266030241,0.556377053260803,3.45210730840642
"51775",0.272576996693927,0.533060729503632,1.95563358599258
"51790",0.0760671129270625,0.192993134260178,2.5371428838798
"51800",0.18789584799437,0.530025780200958,2.82084881522682
"51810",0.128343700315193,0.537676751613617,4.18935055085027
"51820",0.340806726053448,0.511260151863098,1.5001468949381
"51830",0.0173640937538348,0.0471837036311626,2.7173144939247
"51840",0.231453181439289,0.445520579814911,1.92488423379816
"53001",0.276831976313842,0.792005896568298,2.8609624766411
"53003",0.159102370146243,0.268028229475021,1.68462750887153
"53005",0.122168944146466,0.418285548686981,3.42382879388321
"53007",0.165260017050298,0.363427102565765,2.19912298844283
"53009",0.142102386591365,0.432319194078445,3.0423077644828
"53011",0.232994767620806,0.941584169864655,4.04122452825662
"53013",0,0,NA
"53015",0.310101141078838,0.967777490615845,3.12084466135454
"53017",0.105820105820106,0.34328043460846,3.24400010704994
"53019",0,0,NA
"53021",0.237483556449741,0.67120635509491,2.82632770508032
"53023",0,NA,NA
"53025",0.260054871285973,0.971922218799591,3.73737363193172
"53027",0.230456123548426,0.636477887630463,2.76181807552065
"53029",0.130122405534859,0.474986702203751,3.65030680343905
"53031",0.235341624939428,0.58052009344101,2.46671235311825
"53033",0.163899204489679,0.732949912548065,4.47195527781968
"53035",0.125381141688216,0.497047364711761,3.96429126437341
"53037",0.113300492610837,0.329835087060928,2.91115315971167
"53039",0.293042641872395,0.445335030555725,1.51969361083513
"53041",0.198842337375965,0.671995580196381,3.37953973517115
"53043",0.0404761904761905,0.0404761917889118,1.00000003243194
"53045",0.236578302517264,0.724660277366638,3.06308849820983
"53047",0.0868302982317234,0.20110847055912,2.31610940713832
"53049",0.236764705882353,0.699509799480438,2.95445132699812
"53051",0.250276854928018,0.397009968757629,1.58628319375283
"53053",0.1705437233776,0.707722365856171,4.14980013242239
"53055",0.192746639614507,0.795587122440338,4.12763161023981
"53057",0.231484661172161,0.805116772651672,3.47805668235135
"53059",0.282629107981221,0.435680747032166,1.54152822454902
"53061",0.33121650138205,NA,NA
"53063",0.157374812721537,0.601794242858887,3.82395525975124
"53065",0.281379705166738,0.635608971118927,2.25890126205897
"53067",0.120376220822126,0.402289092540741,3.34193156915256
"53069",0.0715705765407555,0.0715705752372742,0.99999998178747
"53071",0.160164754339512,0.369402766227722,2.30639236298315
"53073",0.224204889565619,0.775880634784698,3.46058748445635
"53075",0.0367400495699082,0.123341597616673,3.35714292878078
"53077",0.191413116970926,0.714891791343689,3.73481087741899
"54001",0.106487695749441,0.253691285848618,2.38235304147756
"54003",0.224476591024634,0.523085474967957,2.33024509406664
"54005",0.0348509565475308,0.0588758699595928,1.68936166441504
"54007",0.187921847246892,0.44440495967865,2.36483924668317
"54009",0.569809234171966,0.745461225509644,1.30826455733546
"54011",0.1734399785518,0.453495383262634,2.61471078957262
"54013",0.13422131147541,0.175204917788506,1.30534350963039
"54015",0.0525059665871122,0.14319808781147,2.72727267240936
"54017",0.125295508274232,0.125295504927635,0.999999973290372
"54019",0.12840380783706,0.270312160253525,2.1051724618365
"54021",0.216129032258065,0.335483878850937,1.55223884244463
"54023",0.301106770833333,0.506510436534882,1.68216222814612
"54025",0.174781154716239,0.376413881778717,2.15362967700856
"54027",0.152591518666183,0.378760427236557,2.48218531768565
"54029",0.290576187028034,0.385952204465866,1.32823067304077
"54031",0.676166242578456,0.710262954235077,1.05042652162965
"54033",0.136565783777402,0.388130187988281,2.84207491256318
"54035",0.398301711556322,0.448321610689163,1.12558293796277
"54037",0.231254639940609,0.460653305053711,1.99197432394012
"54039",0.106971237551362,0.407708466053009,3.81138402607758
"54041",0.137268681189974,0.223471537232399,1.62798633523057
"54043",0.154407636159461,0.43683323264122,2.82909086303277
"54045",0.0863033227327558,0.208575502038002,2.41677255792191
"54047",0.0212638514525307,0.0221623238176107,1.04225351023947
"54049",0.155709558593994,0.418867439031601,2.6900560428906
"54051",0.0894157977431796,0.151121273636818,1.69009590532167
"54053",0.17786391042205,0.182385876774788,1.02542374302919
"54055",0.137073828183497,0.3440822660923,2.51019666301058
"54057",0.29447619047619,0.542476177215576,1.84217330555095
"54059",0.0737870619946092,0.211758762598038,2.86986304744738
"54061",0.104302151075538,0.254971235990524,2.44454436808181
"54063",0.081151832460733,0.261780112981796,3.22580655351762
"54065",0.137543252595156,0.262543261051178,1.90880509292555
"54067",0.161237785016287,0.381699740886688,2.36730950408512
"54069",0.0864974995369513,0.256566017866135,2.9661668746451
"54071",0.0354364736387208,0.0829732045531273,2.34146335775532
"54073",0.290563866513234,0.325086295604706,1.11881184507124
"54075",0.0259281084266352,0.249558046460152,9.6250001100654
"54077",0.229754049190162,0.654669046401978,2.84943420457466
"54079",0.252015209125475,0.664790868759155,2.63789979607209
"54081",0.093716840988328,0.344095796346664,3.67165381075446
"54083",0.256583105119023,0.87054979801178,3.39285705349911
"54085",0.644128113879004,0.786476850509644,1.2209944474763
"54087",0.236438458660681,0.431350529193878,1.82436703249246
"54089",0.0390482001220256,0.0738255009055138,1.89062493725214
"54091",0.0468677494199536,0.120185613632202,2.56435640967718
"54093",0.25096194955109,0.488242834806442,1.94548550359841
"54095",0.51129234629862,0.545796751976013,1.06748469036781
"54097",0.1948406676783,0.435660094022751,2.23598132368374
"54099",0.185043280828721,0.332481920719147,1.79677921419312
"54101",0.109239653512993,0.312319546937943,2.85903091866539
"54103",0.372828784119107,0.440033078193665,1.18025511156104
"54105",0.0835654596100279,0.250696390867233,3.00000014404456
"54107",0.211277155488053,0.488649606704712,2.31283692539274
"54109",0.0787632588580456,0.162717223167419,2.06590262422589
"55001",0.216129032258065,0.373790323734283,1.72947761727803
"55003",0.227246460560532,0.608928084373474,2.67959326130527
"55005",0.351730429328924,0.852671205997467,2.42421790922185
"55007",0.119341563786008,0.503703713417053,4.22068973656358
"55009",0.243272715861485,0.96874463558197,3.98213433903355
"55011",0.106821106821107,0.217503219842911,2.03614460021616
"55013",0.350771091623828,0.801330506801605,2.28448274654561
"55015",0.473733993015134,NA,NA
"55017",0.332669102180892,NA,NA
"55019",0.405174405174405,0.988449990749359,2.43956671035004
"55021",0.331943858168003,0.862547516822815,2.59847409614147
"55023",0.333379539783754,0.517188787460327,1.55135131506811
"55025",0.173810101188245,0.674874901771545,3.88282900221444
"55027",0.444982425937881,NA,NA
"55029",0.291818606825619,0.728377759456635,2.49599491745873
"55031",0.145783220351338,0.376776725053787,2.58449994550645
"55033",0.218028826126802,0.448637843132019,2.05769966798381
"55035",0.157709231813306,0.418179035186768,2.6515824747774
"55037",0.350299401197605,0.649700582027435,1.85470080681336
"55039",0.322437877460698,0.800470232963562,2.48255645170326
"55041",0.206815511163337,0.598119854927063,2.89204543490301
"55043",0.25398773006135,0.544135689735413,2.14236998615633
"55045",0.23967152048764,0.587284088134766,2.45037076970959
"55047",0.308583959899749,0.598057627677917,1.938071012739
"55049",0.121086505945238,0.273917317390442,2.26216220587223
"55051",0.269396551724138,0.470905184745789,1.74800004577637
"55053",0.282215743440233,0.375510215759277,1.33057855377513
"55055",0.385097749907783,NA,NA
"55057",0.374287523749208,0.84420520067215,2.25549917404623
"55059",0.28298537739836,0.832643032073975,2.94235355808459
"55061",0.440992575224697,0.999413847923279,2.26628270876001
"55063",0.190931208349494,0.570501744747162,2.98799630337475
"55065",0.265006124948959,0.760718643665314,2.87057004366156
"55067",0.265647957684396,0.631060838699341,2.37555313505958
"55069",0.406099033816425,0.993357479572296,2.4460966337126
"55071",0.423329904298762,NA,NA
"55073",0.325049010307974,NA,NA
"55075",0.378959741404643,0.911313533782959,2.40477664040277
"55077",0.403804848112918,0.548327684402466,1.35790267740702
"55078",0.00669216061185468,0.00669216038659215,0.999999966339341
"55079",0.164238624414805,0.689337134361267,4.19716821677867
"55081",0.26671826625387,0.550309598445892,2.06326175621617
"55083",0.479028436018957,0.981872022151947,2.04971552484849
"55085",0.168694690265487,0.400511622428894,2.37418037164407
"55087",0.285862797237998,NA,NA
"55089",0.346269729386074,0.990214765071869,2.85966309220125
"55091",0.1600218459858,0.393773883581161,2.46075078783995
"55093",0.226315789473684,0.553216397762299,2.44444454825202
"55095",0.375170204245094,0.885062098503113,2.35909485478466
"55097",0.216105815989107,0.500564098358154,2.31629165585893
"55099",0.471935853379152,0.820924043655396,1.73948225755136
"55101",0.2803081232493,0.936806738376617,3.34206061357502
"55103",0.363946260276719,0.535993576049805,1.47272725276054
"55105",0.309716634446244,0.906090557575226,2.92554695744794
"55107",0.444620611551529,0.83171010017395,1.87060626198064
"55109",0.275714861055175,0.943938791751862,3.42360505392912
"55111",0.289917541229385,0.66484260559082,2.29321276239988
"55113",0.205122393472348,0.543971002101898,2.65193376936307
"55115",0.222853894258101,0.584043979644775,2.6207483678448
"55117",0.44103538942581,NA,NA
"55119",0.415256346441015,0.956694900989532,2.30386581490916
"55121",0.488342097430301,0.723385274410248,1.48130844794411
"55123",0.186933797909408,0.33066201210022,1.76887227349046
"55125",0.185782337852693,0.657017230987549,3.53648919795862
"55127",0.308004674262343,0.99330997467041,3.22498344237581
"55129",0.284661032188455,0.503146886825562,1.76752990375044
"55131",0.371510809243767,NA,NA
"55133",0.267366683267851,NA,NA
"55135",0.425456232601299,NA,NA
"55137",0.205928587469122,0.398158550262451,1.93347876152529
"55139",0.353904620542284,NA,NA
"55141",0.255567393394486,0.589247226715088,2.30564321562549
"56001",0.122273364018411,0.39303582906723,3.21440268060385
"56003",0.207462074620746,0.565395653247833,2.72529643927167
"56005",0.104580965909091,0.413648188114166,3.95529133354666
"56007",0.0687344913151365,0.23573200404644,3.4296028025529
"56009",0.0795019157088123,0.281928479671478,3.54618473225329
"56011",0.290923196276183,0.469356089830399,1.61333333277702
"56013",0.125838422264491,0.425768345594406,3.38345266837114
"56015",0.133490248823134,0.30598521232605,2.29219148981781
"56017",0.0663058186738836,0.198240861296654,2.98979584690259
"56019",0.129342597541422,0.309460192918777,2.39256207004559
"56021",0.118237853517041,0.384844094514847,3.25482984566681
"56023",0.188564760793466,0.395099192857742,2.09529708093493
"56025",0.141460118772448,0.491518795490265,3.47461036902507
"56027",0.0542168674698795,0.0542168691754341,1.00000003145801
"56029",0.161457719070645,0.552069842815399,3.41928429308383
"56031",0.0925414364640884,0.265653789043427,2.87064691443941
"56033",0.137153145520017,0.504554092884064,3.67876428186203
"56035",0.214597629444791,0.742981910705566,3.46220931064251
"56037",0.190598355089414,0.472044050693512,2.47664283604161
"56039",0.160161113145368,0.697839617729187,4.35711018751351
"56041",0.121345276322461,0.251140773296356,2.06963782116231
"56043",0.180670975684826,0.312711596488953,1.73083471378638
"56045",0.0491803278688525,0.178506374359131,3.62962961196899
"11999",NA,0.0816205143928528,NA
"53999",NA,0,NA
